Timestamp,Transaction Type,Asset,Quantity Transacted,Price Currency,Price at Transaction,Subtotal,Total (inclusive of fees and/or spread),Fees and/or Spread,Notes
2024-04-13 19:15:04 UTC,Staking Income,SOL,0.000324928,USD,142.105,0.05,0.05,0,
2024-04-12 16:46:57 UTC,Staking Income,SOL,5.08908E-05,USD,166.26,0.01,0.01,0,
2024-04-12 14:05:03 UTC,Advance Trade Buy,ETH,0.00000841,USD,3472.62,0.03,0.03,0.000175228,Bought 0.00000841 ETH for 0.03 USD on ETH-USDC
2024-04-12 14:05:02 UTC,Advance Trade Buy,ETH,0.00721,USD,3472.62,25.04,25.19,0.150225541,Bought 0.00721 ETH for 25.19 USD on ETH-USDC
2024-04-12 14:04:51 UTC,Advance Trade Buy,BTC,0.00035623,USD,70032.14,24.95,25.1,0.149685295,Bought 0.00035623 BTC for 25.10 USD on BTC-USDC
2024-04-11 20:41:57 UTC,Buy,USDC,50,USD,1,50,50,0,Bought 50 USDC for 50.00 USD
2024-04-11 18:38:06 UTC,Staking Income,SOL,5.08799E-05,USD,174.975,0.01,0.01,0,
2024-04-11 00:57:36 UTC,Staking Income,ADA,0.069962968,USD,0.5889,0.04,0.04,0,
2024-04-10 20:24:20 UTC,Staking Income,SOL,0.000380095,USD,171.815,0.07,0.07,0,
2024-04-09 07:35:26 UTC,Staking Income,SOL,0.000333147,USD,176.31,0.06,0.06,0,
2024-04-08 21:15:45 UTC,Staking Income,SOL,0.000387528,USD,180.395,0.07,0.07,0,
2024-04-08 20:03:13 UTC,Staking Income,SOL,0.000328781,USD,179.34,0.06,0.06,0,
2024-04-06 01:47:20 UTC,Staking Income,ADA,0.069845135,USD,0.57615,0.04,0.04,0,
2024-04-05 01:14:49 UTC,Receive,USDC,0.008156,USD,1,0.01,0.01,0,Received 0.008156 USDC from 
2024-04-04 20:15:09 UTC,Staking Income,SOL,0.000369108,USD,183.155,0.07,0.07,0,
2024-04-04 19:21:54 UTC,Staking Income,SOL,0.000019315,USD,186.58,0,0,0,
2024-04-04 18:26:46 UTC,Advance Trade Buy,BTC,0.00071761,USD,69047.91,49.55,49.85,0.297296824,Bought 0.00071761 BTC for 49.85 USD on BTC-USDC
2024-04-04 18:26:44 UTC,Advance Trade Buy,ETH,0.01449,USD,3418.57,49.54,49.83,0.297210476,Bought 0.01449 ETH for 49.83 USD on ETH-USDC
2024-04-04 18:26:44 UTC,Advance Trade Buy,ETH,0.00000421,USD,3418.57,0.01,0.01,8.63531E-05,Bought 0.00000421 ETH for 0.01 USD on ETH-USDC
2024-04-04 07:36:59 UTC,Buy,USDC,50,USD,1,50,50,0,Bought 50 USDC for 50.00 USD
2024-04-02 07:37:37 UTC,Staking Income,ADA,0.070083,USD,0.59835,0.04,0.04,0,
2024-04-02 03:09:39 UTC,Staking Income,SOL,0.000018228,USD,185.395,0,0,0,
2024-04-02 02:27:01 UTC,Staking Income,SOL,0.000334963,USD,188.585,0.06,0.06,0,
2024-03-30 22:42:52 UTC,Staking Income,SOL,0.000333297,USD,195.745,0.07,0.07,0,
2024-03-30 20:12:55 UTC,Staking Income,SOL,0.000025141,USD,195.205,0,0,0,
2024-03-28 15:07:06 UTC,Buy,USDC,50,USD,1,50,50,0,Bought 50 USDC for 50.00 USD
2024-03-27 20:28:57 UTC,Staking Income,SOL,0.000317213,USD,183.99,0.06,0.06,0,
2024-03-27 00:25:32 UTC,Staking Income,ADA,0.07348,USD,0.6638,0.05,0.05,0,
2024-03-25 17:28:51 UTC,Staking Income,SOL,0.00003302,USD,194.09,0.01,0.01,0,
2024-03-24 06:06:02 UTC,Staking Income,SOL,0.00033387,USD,172.915,0.06,0.06,0,
2024-03-24 03:56:38 UTC,Staking Income,SOL,0.000366495,USD,171.92,0.06,0.06,0,
2024-03-24 03:33:19 UTC,Staking Income,SOL,0.000109371,USD,173.145,0.02,0.02,0,
2024-03-24 03:24:58 UTC,Staking Income,SOL,0.000349811,USD,173.695,0.06,0.06,0,
2024-03-23 22:39:04 UTC,Staking Income,SOL,0.000377492,USD,175.34,0.07,0.07,0,
2024-03-23 01:34:16 UTC,Staking Income,ADA,0.070095,USD,0.6238,0.04,0.04,0,
2024-03-21 13:08:02 UTC,Advance Trade Buy,BTC,0.00036906,USD,67385.81,24.87,24.97,0.099477628,Bought 0.00036906 BTC for 24.97 USD on BTC-USDC
2024-03-21 13:05:24 UTC,Advance Trade Buy,ETH,0.0070051,USD,3551.67,24.88,24.98,0.099519214,Bought 0.0070051 ETH for 24.98 USD on ETH-USDC
2024-03-21 08:29:51 UTC,Staking Income,SOL,0.000008622,USD,189.765,0,0,0,
2024-03-21 07:39:17 UTC,Buy,USDC,50,USD,1,50,50,0,Bought 50 USDC for 50.00 USD
2024-03-21 01:33:10 UTC,Staking Income,SOL,0.000328301,USD,193.16,0.06,0.06,0,
2024-03-20 23:44:54 UTC,Staking Income,SOL,0.000350798,USD,191.355,0.07,0.07,0,
2024-03-20 23:14:16 UTC,Staking Income,ADA,0.070299,USD,0.6412,0.05,0.05,0,
2024-03-20 08:46:01 UTC,Staking Income,SOL,0.000331046,USD,172.075,0.06,0.06,0,
2024-03-14 13:38:43 UTC,Advance Trade Buy,ETH,0.00586761,USD,3895.93,22.86,22.95,0.091439191,Bought 0.00586761 ETH for 22.95 USD on ETH-USDC
2024-03-14 13:38:36 UTC,Advance Trade Buy,ETH,0.00051339,USD,3895.93,2,2.01,0.008000526,Bought 0.00051339 ETH for 2.01 USD on ETH-USDC
2024-03-14 13:38:22 UTC,Advance Trade Buy,BTC,0.00034509,USD,71983.04,24.84,24.99,0.149043764,Bought 0.00034509 BTC for 24.99 USD on BTC-USDC
2024-03-14 13:37:33 UTC,Buy,USDC,50,USD,1,50,50,0,Bought 50 USDC for 50.00 USD
2024-03-12 23:13:06 UTC,Staking Income,SOL,0.000351748,USD,148.2,0.05,0.05,0,
2024-03-12 08:21:31 UTC,Staking Income,ADA,0.072912,USD,0.74305,0.05,0.05,0,
2024-03-08 22:09:49 UTC,Staking Income,SOL,0.000035752,USD,144.53,0.01,0.01,0,
2024-03-07 19:05:31 UTC,Staking Income,ADA,0.070929,USD,0.75585,0.05,0.05,0,
2024-03-07 06:03:21 UTC,Staking Income,SOL,0.000338696,USD,137.635,0.05,0.05,0,
2024-03-06 17:03:56 UTC,Receive,BTC,0.08721769,USD,66924.91999994985,5837.04,5837.04,0,Received 0.08721769 BTC from Jared Early
2024-03-06 17:03:56 UTC,Send,BTC,0.08721769,USD,66924.91999994985,5837.04,5837.04,0,Sent 0.08721769 BTC to Jared Early
2024-03-05 18:54:06 UTC,Receive,BTC,0.08721769,USD,63822.8,5566.48,5566.48,0,Received 0.08721769 BTC from Jared Early
2024-03-05 18:54:06 UTC,Send,BTC,0.08721769,USD,63822.8,5566.48,5566.48,0,Sent 0.08721769 BTC to Jared Early
2024-03-04 17:01:59 UTC,Withdrawal,USD,18311.32,USD,1,18311.32,18311.32,0,
2024-03-04 17:00:07 UTC,Sell,USD,18311.03,USD,1,18311.03,18311.03,0,Sold 18311.03 USD for 18311.03 USD
2024-03-04 17:00:07 UTC,Sell,USDC,18311.03117,USD,0.9999999360494781,18311.03,18311.03,0,Sold 18311.031171 USDC for 18311.03 USD
2024-03-04 16:58:09 UTC,Convert,ETH,2.79084253,USD,3554.97,9672.63,9920.64,248.0035088,Converted 2.79084253 ETH to 9672.632341 USDC
2024-03-04 16:57:46 UTC,Convert,BTC,0.13307192,USD,66392.33,8638.35,8858.98,220.628395,Converted 0.13307192 BTC to 8638.347909 USDC
2024-03-04 16:32:11 UTC,Receive,BTC,0.08721769,USD,66312.825,5783.65,5783.65,0,Received 0.08721769 BTC from Jared Early
2024-03-04 16:32:11 UTC,Send,BTC,0.08721769,USD,66312.825,5783.65,5783.65,0,Sent 0.08721769 BTC to Jared Early
2024-03-03 17:37:03 UTC,Staking Income,SOL,0.000335484,USD,130.345,0.04,0.04,0,
2024-03-02 08:53:44 UTC,Staking Income,ADA,0.074213,USD,0.7459,0.06,0.06,0,
2024-03-02 02:47:35 UTC,Staking Income,SOL,0.00033651,USD,129.58,0.04,0.04,0,
2024-02-29 18:03:12 UTC,Advance Trade Buy,ETH,0.00367248,USD,3385.97,12.43,12.48,0.049739628,Bought 0.00367248 ETH for 12.48 USD on ETH-USDC
2024-02-29 18:02:46 UTC,Advance Trade Buy,BTC,0.000204,USD,60905.83,12.42,12.47,0.049699157,Bought 0.000204 BTC for 12.47 USD on BTC-USDC
2024-02-29 17:59:05 UTC,Buy,USDC,25,USD,1,25,25,0,Bought 25 USDC for 25.00 USD
2024-02-28 23:51:25 UTC,Staking Income,SOL,0.000012985,USD,117.96,0,0,0,
2024-02-27 17:08:05 UTC,Staking Income,SOL,0.000319602,USD,107.195,0.03,0.03,0,
2024-02-26 18:41:33 UTC,Staking Income,SOL,0.00000013,USD,109.02,0,0,0,
2024-02-26 00:20:48 UTC,Staking Income,ADA,0.073001,USD,0.5903,0.04,0.04,0,
2024-02-25 17:14:39 UTC,Staking Income,SOL,0.000317495,USD,102.765,0.03,0.03,0,
2024-02-23 20:37:51 UTC,Staking Income,SOL,0.000327932,USD,101.29,0.03,0.03,0,
2024-02-22 23:42:03 UTC,Staking Income,ADA,0.070503,USD,0.587,0.04,0.04,0,
2024-02-22 03:37:11 UTC,Staking Income,SOL,0.000327968,USD,102.955,0.03,0.03,0,
2024-02-19 18:36:12 UTC,Staking Income,SOL,0.000329449,USD,112.065,0.04,0.04,0,
2024-02-17 19:44:58 UTC,Staking Income,SOL,0.000331336,USD,107.85,0.04,0.04,0,
2024-02-16 03:18:19 UTC,Staking Income,ADA,0.074152,USD,0.6039,0.04,0.04,0,
2024-02-15 17:01:47 UTC,Staking Income,SOL,0.000328499,USD,114.465,0.04,0.04,0,
2024-02-13 18:28:44 UTC,Staking Income,SOL,0.000327595,USD,111.665,0.04,0.04,0,
2024-02-11 17:45:33 UTC,Staking Income,SOL,0.00032835,USD,108.82,0.04,0.04,0,
2024-02-11 01:05:25 UTC,Staking Income,ADA,0.072399,USD,0.5599,0.04,0.04,0,
2024-02-09 17:47:41 UTC,Staking Income,SOL,0.00033144,USD,105.12,0.03,0.03,0,
2024-02-06 17:28:55 UTC,Staking Income,SOL,0.000327266,USD,95.665,0.03,0.03,0,
2024-02-06 00:46:12 UTC,Staking Income,ADA,0.068099,USD,0.49215,0.03,0.03,0,
2024-02-04 20:02:46 UTC,Staking Income,SOL,0.00033227,USD,96.37,0.03,0.03,0,
2024-02-02 17:23:58 UTC,Staking Income,SOL,0.000330842,USD,100.225,0.03,0.03,0,
2024-02-01 21:15:30 UTC,Staking Income,SOL,0.000326786,USD,97.925,0.03,0.03,0,
2024-02-01 03:06:14 UTC,Staking Income,ADA,0.073847,USD,0.49245,0.04,0.04,0,
2024-01-31 19:06:18 UTC,Staking Income,SOL,0.000332485,USD,101.83,0.03,0.03,0,
2024-01-27 21:16:47 UTC,Staking Income,SOL,0.000332539,USD,93.045,0.03,0.03,0,
2024-01-27 04:16:11 UTC,Staking Income,ADA,0.071817,USD,0.48725,0.03,0.03,0,
2024-01-25 22:11:34 UTC,Staking Income,SOL,0.000330286,USD,86.535,0.03,0.03,0,
2024-01-23 20:07:02 UTC,Staking Income,SOL,0.000329451,USD,81.145,0.03,0.03,0,
2024-01-22 17:18:25 UTC,Staking Income,SOL,0.000002947,USD,86.55,0,0,0,
2024-01-22 05:01:24 UTC,Staking Income,SOL,0.000320294,USD,88.295,0.03,0.03,0,
2024-01-21 21:33:04 UTC,Staking Income,ADA,0.074853,USD,0.50885,0.04,0.04,0,
2024-01-21 18:52:49 UTC,Staking Income,SOL,0.000056916,USD,92.54,0.01,0.01,0,
2024-01-20 18:32:53 UTC,Staking Income,SOL,0.000002428,USD,92.425,0,0,0,
2024-01-20 09:49:00 UTC,Staking Income,SOL,0.000327816,USD,91.6,0.03,0.03,0,
2024-01-20 01:08:54 UTC,Staking Income,ADA,0.074567,USD,0.5014,0.04,0.04,0,
2024-01-17 19:15:26 UTC,Staking Income,SOL,0.000001106,USD,99.83,0,0,0,
2024-01-16 22:43:15 UTC,Staking Income,SOL,0.000328188,USD,98.125,0.03,0.03,0,
2024-01-15 16:56:58 UTC,Staking Income,SOL,0.000001028,USD,94.59,0,0,0,
2024-01-15 02:38:54 UTC,Staking Income,SOL,0.000325693,USD,95.95,0.03,0.03,0,
2024-01-14 15:21:52 UTC,Staking Income,SOL,0.000328529,USD,98.555,0.03,0.03,0,
2024-01-14 11:33:11 UTC,Staking Income,ADA,0.070412,USD,0.54605,0.04,0.04,0,
2024-01-10 19:44:12 UTC,Staking Income,SOL,0.000329958,USD,95.815,0.03,0.03,0,
2024-01-07 20:54:59 UTC,Staking Income,SOL,0.000326846,USD,94.205,0.03,0.03,0,
2024-01-06 18:51:05 UTC,Staking Income,ADA,0.071052,USD,0.52895,0.04,0.04,0,
2024-01-05 19:55:20 UTC,Staking Income,SOL,0.000324021,USD,98.065,0.03,0.03,0,
2024-01-04 15:05:52 UTC,Staking Income,SOL,0.000319467,USD,101.995,0.03,0.03,0,
2024-01-02 04:35:10 UTC,Staking Income,ADA,0.072756,USD,0.6292,0.05,0.05,0,
2024-01-02 02:42:29 UTC,Staking Income,SOL,0.00031824,USD,111.705,0.04,0.04,0,
2023-12-29 18:52:19 UTC,Staking Income,SOL,0.000316832,USD,105.335,0.03,0.03,0,
2023-12-29 02:23:58 UTC,Staking Income,SOL,0.000319991,USD,103.57,0.03,0.03,0,
2023-12-28 20:24:26 UTC,Staking Income,SOL,0.000317761,USD,99.945,0.03,0.03,0,
2023-12-28 04:18:43 UTC,Staking Income,ADA,0.072075,USD,0.67045,0.05,0.05,0,
2023-12-24 23:30:43 UTC,Staking Income,SOL,0.000002045,USD,112.69,0,0,0,
2023-12-24 20:11:08 UTC,Staking Income,SOL,0.000322746,USD,115.125,0.04,0.04,0,
2023-12-22 19:26:54 UTC,Staking Income,ADA,0.071702,USD,0.6181,0.04,0.04,0,
2023-12-20 18:56:55 UTC,Staking Income,SOL,0.000317851,USD,83,0.03,0.03,0,
2023-12-18 21:12:39 UTC,Staking Income,SOL,0.000318032,USD,74.115,0.02,0.02,0,
2023-12-18 04:11:00 UTC,Staking Income,ADA,0.071856,USD,0.57275,0.04,0.04,0,
2023-12-16 20:17:37 UTC,Staking Income,SOL,0.000311463,USD,74.06,0.02,0.02,0,
2023-12-13 23:54:46 UTC,Staking Income,ADA,0.07224,USD,0.66185,0.05,0.05,0,
2023-12-13 19:28:50 UTC,Staking Income,SOL,0.000315136,USD,68.905,0.02,0.02,0,
2023-12-13 03:36:19 UTC,Staking Income,ADA,0.072136,USD,0.55875,0.04,0.04,0,
2023-12-11 21:46:55 UTC,Staking Income,SOL,0.000316865,USD,69.275,0.02,0.02,0,
2023-12-09 19:17:02 UTC,Staking Income,SOL,0.000319555,USD,74.13,0.02,0.02,0,
2023-12-08 09:34:19 UTC,Staking Income,ADA,0.073963,USD,0.4936,0.04,0.04,0,
2023-12-07 19:08:39 UTC,Staking Income,SOL,0.000320072,USD,65.765,0.02,0.02,0,
2023-12-05 03:41:39 UTC,Staking Income,SOL,0.000319728,USD,60.48,0.02,0.02,0,
2023-12-03 01:39:05 UTC,Staking Income,ADA,0.071455,USD,0.39965,0.03,0.03,0,
2023-12-02 23:30:15 UTC,Staking Income,SOL,0.000314648,USD,63.015,0.02,0.02,0,
2023-11-30 18:07:40 UTC,Staking Income,SOL,0.000316788,USD,59.285,0.02,0.02,0,
2023-11-30 14:27:51 UTC,Staking Income,SOL,0.000314855,USD,60.05,0.02,0.02,0,
2023-11-30 04:04:23 UTC,Staking Income,SOL,0.000318066,USD,60.595,0.02,0.02,0,
2023-11-29 20:29:21 UTC,Staking Income,ADA,0.073209,USD,0.38345,0.03,0.03,0,
2023-11-24 14:16:17 UTC,Receive,ETH,1.132524343,USD,2105.635,2384.68,2384.68,0,Received 1.13252434332988 ETH from an external account
2023-11-24 14:00:11 UTC,Send,ETH,0.01015232,USD,2105.465,21.38,21.38,0,Sent 0.01015232 ETH to 0xc0bA316e741646F2cf5683E2f857fc7e4130a38F
2023-11-23 21:40:46 UTC,Staking Income,SOL,0.000318037,USD,56.455,0.02,0.02,0,
2023-11-23 03:04:25 UTC,Staking Income,ADA,0.073384,USD,0.38135,0.03,0.03,0,
2023-11-23 02:44:38 UTC,Staking Income,SOL,0.000319298,USD,57.935,0.02,0.02,0,
2023-11-21 17:05:43 UTC,Staking Income,SOL,0.000317562,USD,55.48,0.02,0.02,0,
2023-11-17 21:17:30 UTC,Staking Income,SOL,0.000312247,USD,57.865,0.02,0.02,0,
2023-11-17 19:35:54 UTC,Staking Income,ADA,0.144662,USD,0.36485,0.05,0.05,0,
2023-11-15 20:33:03 UTC,Staking Income,SOL,0.000309662,USD,66.36,0.02,0.02,0,
2023-11-15 20:18:44 UTC,Staking Income,ADA,0.074794,USD,0.37725,0.03,0.03,0,
2023-11-15 02:38:27 UTC,Staking Income,SOL,0.000315003,USD,56.645,0.02,0.02,0,
2023-11-10 22:12:50 UTC,Staking Income,SOL,0.000315614,USD,53.68,0.02,0.02,0,
2023-11-09 03:22:57 UTC,Staking Income,ADA,0.072559,USD,0.3638,0.03,0.03,0,
2023-11-08 21:20:45 UTC,Staking Income,SOL,0.000307175,USD,43.045,0.01,0.01,0,
2023-11-06 17:05:54 UTC,Staking Income,SOL,0.00031526,USD,40.085,0.01,0.01,0,
2023-11-03 19:44:09 UTC,Staking Income,SOL,0.000314794,USD,39.15,0.01,0.01,0,
2023-11-03 12:30:13 UTC,Staking Income,SOL,0.000301487,USD,39.59,0.01,0.01,0,
2023-11-03 12:04:40 UTC,Staking Income,SOL,0.000303629,USD,38.94,0.01,0.01,0,
2023-11-03 04:58:01 UTC,Staking Income,SOL,0.000310952,USD,38.31,0.01,0.01,0,
2023-10-29 20:04:25 UTC,Staking Income,ADA,0.073021,USD,0.29665,0.02,0.02,0,
2023-10-28 00:37:46 UTC,Staking Income,SOL,0.000315551,USD,31.93,0.01,0.01,0,
2023-10-26 18:01:13 UTC,Staking Income,SOL,0.000316567,USD,31.19,0.01,0.01,0,
2023-10-25 21:01:25 UTC,Staking Income,SOL,0.000319091,USD,32.425,0.01,0.01,0,
2023-10-23 20:18:23 UTC,Staking Income,ADA,0.072561,USD,0.2701,0.02,0.02,0,
2023-10-20 17:04:34 UTC,Staking Income,SOL,0.000312591,USD,26.445,0.01,0.01,0,
2023-10-20 10:07:13 UTC,Staking Income,ADA,0.057114,USD,0.25185,0.01,0.01,0,
2023-10-20 00:20:24 UTC,Staking Income,SOL,0.000317499,USD,25.04,0.01,0.01,0,
2023-10-18 21:19:46 UTC,Staking Income,SOL,0.000320309,USD,23.54,0.01,0.01,0,
2023-10-14 21:05:40 UTC,Staking Income,SOL,0.000324918,USD,21.98,0.01,0.01,0,
2023-10-14 03:43:58 UTC,Staking Income,ADA,0.072863,USD,0.24625,0.02,0.02,0,
2023-10-13 06:02:05 UTC,Staking Income,SOL,0.000329023,USD,21.225,0.01,0.01,0,
2023-10-13 02:51:30 UTC,Staking Income,SOL,0.000328993,USD,21.3,0.01,0.01,0,
2023-10-12 03:58:30 UTC,Staking Income,SOL,0.000329541,USD,21.695,0.01,0.01,0,
2023-10-09 03:28:54 UTC,Staking Income,ADA,0.074963,USD,0.25735,0.02,0.02,0,
2023-10-06 23:41:10 UTC,Staking Income,SOL,0.00032063,USD,23.415,0.01,0.01,0,
2023-10-04 23:45:46 UTC,Staking Income,SOL,0.00032158,USD,23.15,0.01,0.01,0,
2023-10-04 03:30:59 UTC,Staking Income,ADA,0.075053,USD,0.2568,0.02,0.02,0,
2023-10-02 18:49:27 UTC,Staking Income,SOL,0.000314837,USD,23.405,0.01,0.01,0,
2023-09-30 17:25:38 UTC,Staking Income,SOL,0.0003221,USD,21.59,0.01,0.01,0,
2023-09-29 04:50:45 UTC,Staking Income,ADA,0.072404,USD,0.25045,0.02,0.02,0,
2023-09-27 17:39:03 UTC,Staking Income,SOL,0.000318327,USD,18.875,0.01,0.01,0,
2023-09-26 21:49:15 UTC,Staking Income,SOL,0.000320327,USD,18.99,0.01,0.01,0,
2023-09-26 07:23:38 UTC,Staking Income,ADA,0.071619,USD,0.24555,0.02,0.02,0,
2023-09-23 18:32:52 UTC,Staking Income,SOL,0.000321895,USD,19.425,0.01,0.01,0,
2023-09-23 10:03:55 UTC,Staking Income,SOL,0.000324637,USD,19.51,0.01,0.01,0,
2023-09-23 00:47:44 UTC,Staking Income,SOL,0.000322873,USD,19.42,0.01,0.01,0,
2023-09-21 20:47:06 UTC,Staking Income,SOL,0.000319571,USD,19.58,0.01,0.01,0,
2023-09-19 03:01:15 UTC,Staking Income,ADA,0.072493,USD,0.25395,0.02,0.02,0,
2023-09-15 00:15:28 UTC,Staking Income,SOL,0.000325533,USD,18.81,0.01,0.01,0,
2023-09-13 19:27:36 UTC,Staking Income,ADA,0.076813,USD,0.2481,0.02,0.02,0,
2023-09-13 16:50:06 UTC,Staking Income,SOL,0.00032484,USD,18.44,0.01,0.01,0,
2023-09-12 17:34:06 UTC,Staking Income,SOL,0.000320325,USD,17.81,0.01,0.01,0,
2023-09-12 01:45:36 UTC,Staking Income,SOL,0.000324901,USD,17.665,0.01,0.01,0,
2023-09-08 23:21:58 UTC,Staking Income,ADA,0.077627,USD,0.25425,0.02,0.02,0,
2023-09-08 03:28:38 UTC,Staking Income,ADA,0.002831,USD,0.25725,0,0,0,
2023-09-07 17:19:57 UTC,Staking Income,SOL,0.000325417,USD,19.645,0.01,0.01,0,
2023-09-06 19:28:13 UTC,Staking Income,SOL,0.000325138,USD,19.48,0.01,0.01,0,
2023-09-01 17:37:06 UTC,Staking Income,SOL,0.00032467,USD,19.115,0.01,0.01,0,
2023-08-31 19:40:53 UTC,Staking Income,SOL,0.000325606,USD,19.82,0.01,0.01,0,
2023-08-31 05:53:29 UTC,Staking Income,ADA,0.070688,USD,0.26515,0.02,0.02,0,
2023-08-30 19:25:39 UTC,Staking Income,SOL,0.000325614,USD,20.685,0.01,0.01,0,
2023-08-29 22:02:47 UTC,Staking Income,ADA,0.075062,USD,0.27515,0.02,0.02,0,
2023-08-26 19:46:33 UTC,Staking Income,SOL,0.000325049,USD,20.295,0.01,0.01,0,
2023-08-25 05:25:15 UTC,Staking Income,ADA,0.07687,USD,0.2612,0.02,0.02,0,
2023-08-24 20:28:52 UTC,Staking Income,SOL,0.000325073,USD,20.925,0.01,0.01,0,
2023-08-22 19:38:29 UTC,Staking Income,SOL,0.000327043,USD,20.115,0.01,0.01,0,
2023-08-19 16:47:04 UTC,Staking Income,SOL,0.000169595,USD,22.07,0,0,0,
2023-08-17 23:32:00 UTC,Staking Income,SOL,0.000327725,USD,21.86,0.01,0.01,0,
2023-08-16 21:45:29 UTC,Staking Income,SOL,0.000323606,USD,22.735,0.01,0.01,0,
2023-08-16 09:18:42 UTC,Staking Income,ADA,0.07867,USD,0.27805,0.02,0.02,0,
2023-08-15 20:38:19 UTC,Staking Income,SOL,0.000327284,USD,24.095,0.01,0.01,0,
2023-08-13 04:07:51 UTC,Staking Income,SOL,0.000324872,USD,24.825,0.01,0.01,0,
2023-08-13 03:09:58 UTC,Staking Income,SOL,0.00032888,USD,24.815,0.01,0.01,0,
2023-08-12 04:43:06 UTC,Staking Income,ADA,0.074328,USD,0.29305,0.02,0.02,0,
2023-08-12 00:06:47 UTC,Staking Income,SOL,0.000329808,USD,24.56,0.01,0.01,0,
2023-08-11 07:32:21 UTC,Staking Income,ADA,0.076762,USD,0.296,0.02,0.02,0,
2023-08-06 02:12:28 UTC,Staking Income,SOL,0.000336085,USD,22.865,0.01,0.01,0,
2023-08-04 19:36:20 UTC,Staking Income,SOL,0.000331706,USD,22.915,0.01,0.01,0,
2023-08-03 03:29:12 UTC,Staking Income,ADA,0.073644,USD,0.29935,0.02,0.02,0,
2023-08-02 17:02:41 UTC,Staking Income,SOL,0.00033485,USD,23.1,0.01,0.01,0,
2023-08-02 04:01:55 UTC,Staking Income,SOL,0.000335402,USD,23.685,0.01,0.01,0,
2023-08-02 03:43:38 UTC,Staking Income,ADA,0.076448,USD,0.308,0.02,0.02,0,
2023-08-01 18:42:23 UTC,Staking Income,SOL,0.000326613,USD,23.525,0.01,0.01,0,
2023-07-29 02:41:21 UTC,Staking Income,SOL,0.000333945,USD,24.975,0.01,0.01,0,
2023-07-27 15:06:29 UTC,Staking Income,SOL,0.000333352,USD,25.545,0.01,0.01,0,
2023-07-27 13:56:26 UTC,Staking Income,SOL,0.000333209,USD,25.505,0.01,0.01,0,
2023-07-26 21:33:13 UTC,Staking Income,ADA,0.078586,USD,0.30895,0.02,0.02,0,
2023-07-26 18:26:19 UTC,Staking Income,SOL,0.000326592,USD,24.995,0.01,0.01,0,
2023-07-21 21:03:16 UTC,Staking Income,ADA,0.07731,USD,0.31345,0.02,0.02,0,
2023-07-21 12:08:16 UTC,Receive,SOL,0.000077857,USD,25.345,0,0,0,Received 0.000077857 SOL from 
2023-07-21 01:05:27 UTC,Staking Income,ADA,0.076732,USD,0.31385,0.02,0.02,0,
2023-07-20 22:21:05 UTC,Receive,SOL,0.000019825,USD,25.535,0,0,0,Received 0.000019825 SOL from 
2023-07-20 21:52:03 UTC,Receive,SOL,0.000019779,USD,25.575,0,0,0,Received 0.000019779 SOL from 
2023-07-20 02:37:30 UTC,Staking Income,SOL,0.000327111,USD,26.735,0.01,0.01,0,
2023-07-19 22:46:44 UTC,Staking Income,SOL,0.000330472,USD,26.315,0.01,0.01,0,
2023-07-16 17:46:06 UTC,Staking Income,SOL,0.000330339,USD,27.965,0.01,0.01,0,
2023-07-16 00:22:25 UTC,Receive,SOL,0.000077179,USD,27.705,0,0,0,Received 0.000077179 SOL from 
2023-07-15 11:47:42 UTC,Receive,SOL,0.000161153,USD,29.005,0,0,0,Received 0.000161153 SOL from 
2023-07-14 00:58:52 UTC,Staking Income,SOL,0.000329212,USD,29.4,0.01,0.01,0,
2023-07-13 21:44:22 UTC,Staking Income,SOL,0.000330214,USD,25.605,0.01,0.01,0,
2023-07-13 05:30:53 UTC,Receive,SOL,0.000294773,USD,21.605,0.01,0.01,0,Received 0.000294773 SOL from 
2023-07-13 00:56:18 UTC,Receive,SOL,0.000294256,USD,21.76,0.01,0.01,0,Received 0.000294256 SOL from 
2023-07-13 00:05:54 UTC,Receive,SOL,0.00030921,USD,21.895,0.01,0.01,0,Received 0.00030921 SOL from 
2023-07-12 03:22:06 UTC,Receive,SOL,0.000301127,USD,21.935,0.01,0.01,0,Received 0.000301127 SOL from 
2023-07-12 00:04:25 UTC,Receive,SOL,0.000301414,USD,22.06,0.01,0.01,0,Received 0.000301414 SOL from 
2023-07-07 03:39:05 UTC,Staking Income,SOL,0.000331282,USD,20.17,0.01,0.01,0,
2023-07-06 22:15:09 UTC,Staking Income,ADA,0.080104,USD,0.2832,0.02,0.02,0,
2023-07-06 21:02:13 UTC,Staking Income,SOL,0.000332049,USD,20.635,0.01,0.01,0,
2023-07-04 02:22:38 UTC,Staking Income,SOL,0.00033182,USD,19.34,0.01,0.01,0,
2023-07-02 01:01:36 UTC,Staking Income,ADA,0.075736,USD,0.29065,0.02,0.02,0,
2023-06-29 20:38:01 UTC,Staking Income,SOL,0.000330555,USD,17.495,0.01,0.01,0,
2023-06-29 14:58:34 UTC,Staking Income,SOL,0.000318099,USD,17.365,0.01,0.01,0,
2023-06-29 05:09:20 UTC,Staking Income,SOL,0.000306768,USD,16.135,0,0,0,
2023-06-29 05:06:07 UTC,Staking Income,SOL,0.000330932,USD,16.13,0.01,0.01,0,
2023-06-28 18:17:44 UTC,Staking Income,SOL,0.000322232,USD,16.225,0.01,0.01,0,
2023-06-27 23:05:11 UTC,Staking Income,ADA,0.076475,USD,0.2865,0.02,0.02,0,
2023-06-27 16:44:26 UTC,Staking Income,SOL,0.000151286,USD,16.665,0,0,0,
2023-06-27 13:12:45 UTC,Staking Income,SOL,0.000330741,USD,16.565,0.01,0.01,0,
2023-06-27 12:48:51 UTC,Staking Income,SOL,0.000318179,USD,16.73,0.01,0.01,0,
2023-06-24 22:46:26 UTC,Staking Income,SOL,0.000181307,USD,16.55,0,0,0,
2023-06-24 04:39:23 UTC,Staking Income,SOL,0.000320942,USD,17.335,0.01,0.01,0,
2023-06-24 00:38:26 UTC,Staking Income,SOL,0.000319656,USD,17.295,0.01,0.01,0,
2023-06-23 22:49:49 UTC,Staking Income,SOL,0.000321356,USD,17.065,0.01,0.01,0,
2023-06-23 04:03:27 UTC,Staking Income,SOL,0.000327575,USD,16.77,0.01,0.01,0,
2023-06-22 22:50:39 UTC,Staking Income,SOL,0.000331795,USD,16.67,0.01,0.01,0,
2023-06-22 22:36:40 UTC,Staking Income,SOL,0.00032989,USD,16.705,0.01,0.01,0,
2023-06-22 15:33:09 UTC,Staking Income,ADA,0.074121,USD,0.2896,0.02,0.02,0,
2023-06-22 07:20:51 UTC,Staking Income,ADA,0.07846,USD,0.2968,0.02,0.02,0,
2023-06-21 22:57:56 UTC,Staking Income,SOL,0.000332809,USD,17.28,0.01,0.01,0,
2023-06-21 21:21:03 UTC,Staking Income,SOL,0.000327938,USD,17.135,0.01,0.01,0,
2023-06-21 18:09:19 UTC,Staking Income,SOL,0.000323026,USD,16.995,0.01,0.01,0,
2023-06-21 03:24:33 UTC,Staking Income,SOL,0.00032424,USD,16.795,0.01,0.01,0,
2023-06-20 22:56:44 UTC,Staking Income,SOL,0.000328182,USD,16.555,0.01,0.01,0,
2023-06-20 21:16:04 UTC,Staking Income,SOL,0.000332013,USD,16.445,0.01,0.01,0,
2023-06-17 22:09:19 UTC,Staking Income,SOL,0.000322941,USD,15.73,0.01,0.01,0,
2023-06-17 21:30:37 UTC,Staking Income,SOL,0.000328742,USD,15.665,0.01,0.01,0,
2023-06-15 08:08:06 UTC,Staking Income,SOL,0.00033402,USD,14.82,0,0,0,
2023-06-15 07:31:51 UTC,Staking Income,SOL,0.000331585,USD,14.74,0,0,0,
2023-06-10 20:07:25 UTC,Staking Income,ADA,0.078174,USD,0.2634,0.02,0.02,0,
2023-06-08 20:52:44 UTC,Staking Income,ADA,0.077522,USD,0.32545,0.03,0.03,0,
2023-06-08 18:20:43 UTC,Staking Income,SOL,0.000335263,USD,18.635,0.01,0.01,0,
2023-06-07 18:43:52 UTC,Staking Income,SOL,0.000335094,USD,19.005,0.01,0.01,0,
2023-06-05 19:47:59 UTC,Staking Income,SOL,0.00032941,USD,19.96,0.01,0.01,0,
2023-06-02 01:17:17 UTC,Staking Income,ADA,0.077764,USD,0.36505,0.03,0.03,0,
2023-06-01 16:59:48 UTC,Staking Income,SOL,0.000330286,USD,20.83,0.01,0.01,0,
2023-05-31 22:58:41 UTC,Staking Income,SOL,0.000330078,USD,20.775,0.01,0.01,0,
2023-05-31 05:16:28 UTC,Staking Income,ADA,0.079287,USD,0.3737,0.03,0.03,0,
2023-05-24 12:37:33 UTC,Receive,ADA,0.07364,USD,0.3652,0.03,0.03,0,Received 0.07364 ADA from 
2023-05-13 13:35:41 UTC,Receive,ADA,0.068662,USD,0.36445,0.03,0.03,0,Received 0.068662 ADA from 
2023-05-07 04:01:10 UTC,Receive,ADA,0.067023,USD,0.3799,0.03,0.03,0,Received 0.067023 ADA from 
2023-05-06 11:28:19 UTC,Receive,SOL,0.000315759,USD,22.63,0.01,0.01,0,Received 0.000315759 SOL from 
2023-05-03 00:44:37 UTC,Receive,SOL,0.000135078,USD,22.02,0,0,0,Received 0.000135078 SOL from 
2023-05-02 05:00:08 UTC,Receive,ADA,0.072328,USD,0.386,0.03,0.03,0,Received 0.072328 ADA from 
2023-04-29 21:08:51 UTC,Receive,ADA,0.06868,USD,0.4031,0.03,0.03,0,Received 0.06868 ADA from 
2023-04-29 19:06:17 UTC,Receive,SOL,0.000135099,USD,23.295,0,0,0,Received 0.000135099 SOL from 
2023-04-28 22:08:13 UTC,Receive,ADA,0.067138,USD,0.4055,0.03,0.03,0,Received 0.067138 ADA from 
2023-04-27 04:30:22 UTC,Receive,ADA,0.071349,USD,0.4081,0.03,0.03,0,Received 0.071349 ADA from 
2023-04-22 04:10:54 UTC,Receive,ADA,0.071993,USD,0.38585,0.03,0.03,0,Received 0.071993 ADA from 
2023-04-17 04:02:43 UTC,Receive,ADA,0.073508,USD,0.4454,0.03,0.03,0,Received 0.073508 ADA from 
2023-04-13 04:28:26 UTC,Receive,SOL,0.000124992,USD,24.025,0,0,0,Received 0.000124992 SOL from 
2023-04-13 04:20:46 UTC,Receive,SOL,0.000193473,USD,23.975,0,0,0,Received 0.000193473 SOL from 
2023-04-13 01:19:52 UTC,Receive,ADA,0.078423,USD,0.4058,0.03,0.03,0,Received 0.078423 ADA from 
2023-04-06 02:37:28 UTC,Receive,SOL,0.000327948,USD,20.81,0.01,0.01,0,Received 0.000327948 SOL from 
2023-04-05 00:15:36 UTC,Receive,SOL,0.00033242,USD,20.875,0.01,0.01,0,Received 0.00033242 SOL from 
2023-04-04 04:31:20 UTC,Receive,ADA,0.063481,USD,0.39415,0.03,0.03,0,Received 0.063481 ADA from 
2023-04-03 03:19:24 UTC,Receive,SOL,0.000131019,USD,20.045,0,0,0,Received 0.000131019 SOL from 
2023-04-02 17:34:47 UTC,Receive,ADA,0.06219,USD,0.38275,0.02,0.02,0,Received 0.06219 ADA from 
2023-04-02 11:11:51 UTC,Receive,SOL,0.0001337,USD,21.03,0,0,0,Received 0.0001337 SOL from 
2023-04-01 20:09:42 UTC,Receive,SOL,0.000171085,USD,21.025,0,0,0,Received 0.000171085 SOL from 
2023-04-01 06:08:08 UTC,Receive,ADA,0.060718,USD,0.3954,0.02,0.02,0,Received 0.060718 ADA from 
2023-04-01 05:13:14 UTC,Receive,SOL,0.000133689,USD,21.135,0,0,0,Received 0.000133689 SOL from 
2023-03-25 01:59:56 UTC,Receive,ADA,257.735093,USD,0.3599,92.76,92.76,0,Received 257.735093 ADA from 
2023-03-25 01:59:56 UTC,Send,ADA,257.735093,USD,0.3599,92.76,92.76,0,Sent 257.735093 ADA to 
2023-03-25 01:59:55 UTC,Receive,SOL,1.083658614,USD,20.77,22.51,22.51,0,Received 1.083658614 SOL from 
2023-03-25 01:59:55 UTC,Send,SOL,1.083658614,USD,20.77,22.51,22.51,0,Sent 1.083658614 SOL to 
2023-03-19 11:05:40 UTC,Receive,SOL,0.000134008,USD,21.4,0,0,0,Received 0.000134008 SOL from 
2023-03-18 20:29:52 UTC,Receive,ADA,0.068261,USD,0.34545,0.02,0.02,0,Received 0.068261 ADA from 
2023-03-17 19:05:30 UTC,Receive,SOL,0.000135236,USD,20.27,0,0,0,Received 0.000135236 SOL from 
2023-03-17 02:49:51 UTC,Receive,SOL,0.00019223,USD,19.935,0,0,0,Received 0.00019223 SOL from 
2023-03-09 18:20:07 UTC,Receive,ADA,0.07322,USD,0.3176,0.02,0.02,0,Received 0.07322 ADA from 
2023-03-03 08:37:45 UTC,Receive,SOL,0.000191909,USD,21.115,0,0,0,Received 0.000191909 SOL from 
2023-03-01 16:13:24 UTC,Receive,SOL,0.000191762,USD,22.41,0,0,0,Received 0.000191762 SOL from 
2023-02-27 15:56:22 UTC,Receive,ADA,0.074792,USD,0.36605,0.03,0.03,0,Received 0.074792 ADA from 
2023-02-25 07:57:13 UTC,Receive,SOL,0.000193886,USD,22.95,0,0,0,Received 0.000193886 SOL from 
2023-02-21 08:44:59 UTC,Receive,ADA,0.074991,USD,0.3981,0.03,0.03,0,Received 0.074991 ADA from 
2023-02-20 07:57:48 UTC,Receive,SOL,0.000076537,USD,26.42,0,0,0,Received 0.000076537 SOL from 
2023-02-17 08:11:05 UTC,Receive,SOL,0.000076843,USD,22.53,0,0,0,Received 0.000076843 SOL from 
2023-02-16 18:38:21 UTC,Receive,ADA,0.070595,USD,0.4096,0.03,0.03,0,Received 0.070595 ADA from 
2023-02-15 11:00:59 UTC,Receive,SOL,0.000077218,USD,21.885,0,0,0,Received 0.000077218 SOL from 
2023-02-12 20:20:12 UTC,Receive,ADA,0.074285,USD,0.3729,0.03,0.03,0,Received 0.074285 ADA from 
2023-02-09 03:36:59 UTC,Receive,SOL,0.000176968,USD,22.31,0,0,0,Received 0.000176968 SOL from 
2023-02-08 14:33:01 UTC,Receive,ADA,0.074204,USD,0.398,0.03,0.03,0,Received 0.074204 ADA from 
2023-02-05 06:40:41 UTC,Receive,SOL,0.000020017,USD,24.44,0,0,0,Received 0.000020017 SOL from 
2023-02-03 16:43:13 UTC,Receive,SOL,0.000032038,USD,24.96,0,0,0,Received 0.000032038 SOL from 
2023-02-02 03:59:52 UTC,Receive,ADA,0.072905,USD,0.4063,0.03,0.03,0,Received 0.072905 ADA from 
2023-01-30 16:52:11 UTC,Receive,ADA,0.075717,USD,0.38075,0.03,0.03,0,Received 0.075717 ADA from 
2023-01-27 20:01:39 UTC,Receive,SOL,0.000048988,USD,24.59,0,0,0,Received 0.000048988 SOL from 
2023-01-26 03:25:41 UTC,Receive,ADA,0.074523,USD,0.37895,0.03,0.03,0,Received 0.074523 ADA from 
2023-01-26 03:25:14 UTC,Receive,SOL,0.000049802,USD,24.94,0,0,0,Received 0.000049802 SOL from 
2023-01-23 02:57:26 UTC,Receive,ADA,0.073121,USD,0.37625,0.03,0.03,0,Received 0.073121 ADA from 
2023-01-20 16:56:24 UTC,Receive,SOL,0.000049618,USD,22.025,0,0,0,Received 0.000049618 SOL from 
2023-01-18 13:03:08 UTC,Receive,SOL,0.000137757,USD,22.67,0,0,0,Received 0.000137757 SOL from 
2023-01-15 09:53:07 UTC,Receive,SOL,0.000202881,USD,22.485,0,0,0,Received 0.000202881 SOL from 
2023-01-13 16:06:22 UTC,Receive,SOL,0.000203027,USD,16.715,0,0,0,Received 0.000203027 SOL from 
2023-01-08 10:08:08 UTC,Receive,SOL,0.000203748,USD,13.57,0,0,0,Received 0.000203748 SOL from 
2023-01-07 16:20:42 UTC,Receive,ADA,0.079289,USD,0.27495,0.02,0.02,0,Received 0.079289 ADA from 
2023-01-05 09:51:28 UTC,Receive,SOL,0.000206231,USD,12.965,0,0,0,Received 0.000206231 SOL from 
2023-01-04 17:51:58 UTC,Receive,ADA,0.079237,USD,0.26935,0.02,0.02,0,Received 0.079237 ADA from 
2023-01-03 09:13:42 UTC,Receive,SOL,0.00020871,USD,11.805,0,0,0,Received 0.00020871 SOL from 
2022-12-31 09:32:49 UTC,Receive,SOL,0.000206418,USD,9.805,0,0,0,Received 0.000206418 SOL from 
2022-12-29 15:27:01 UTC,Receive,ADA,0.078156,USD,0.24635,0.02,0.02,0,Received 0.078156 ADA from 
2022-12-29 09:09:36 UTC,Receive,SOL,0.000209102,USD,9.365,0,0,0,Received 0.000209102 SOL from 
2022-12-27 09:24:46 UTC,Receive,SOL,0.000208768,USD,11.145,0,0,0,Received 0.000208768 SOL from 
2022-12-24 15:28:03 UTC,Receive,ADA,0.084688,USD,0.25775,0.02,0.02,0,Received 0.084688 ADA from 
2022-12-24 09:12:44 UTC,Receive,SOL,0.00005703,USD,11.295,0,0,0,Received 0.00005703 SOL from 
2022-12-22 10:19:59 UTC,Receive,SOL,0.000056486,USD,12.115,0,0,0,Received 0.000056486 SOL from 
2022-12-21 16:03:50 UTC,Receive,ADA,0.086126,USD,0.25225,0.02,0.02,0,Received 0.086126 ADA from 
2022-12-20 09:28:04 UTC,Receive,SOL,0.000056952,USD,12.395,0,0,0,Received 0.000056952 SOL from 
2022-12-18 09:51:42 UTC,Receive,SOL,0.000055753,USD,12.3,0,0,0,Received 0.000055753 SOL from 
2022-12-16 10:35:01 UTC,Receive,SOL,0.000059053,USD,13.425,0,0,0,Received 0.000059053 SOL from 
2022-12-15 09:24:41 UTC,Receive,SOL,0.000055835,USD,14.11,0,0,0,Received 0.000055835 SOL from 
2022-12-13 14:38:14 UTC,Receive,ADA,0.088977,USD,0.31455,0.03,0.03,0,Received 0.088977 ADA from 
2022-12-13 08:34:55 UTC,Receive,SOL,0.000055995,USD,13.045,0,0,0,Received 0.000055995 SOL from 
2022-12-11 08:21:25 UTC,Receive,SOL,0.000060712,USD,13.635,0,0,0,Received 0.000060712 SOL from 
2022-12-09 14:47:44 UTC,Receive,ADA,0.089728,USD,0.31345,0.03,0.03,0,Received 0.089728 ADA from 
2022-12-09 06:50:07 UTC,Receive,SOL,0.000061835,USD,13.675,0,0,0,Received 0.000061835 SOL from 
2022-12-04 09:32:55 UTC,Receive,SOL,0.000064184,USD,13.45,0,0,0,Received 0.000064184 SOL from 
2022-12-03 15:14:27 UTC,Receive,ADA,0.091882,USD,0.32465,0.03,0.03,0,Received 0.091882 ADA from 
2022-12-02 09:40:05 UTC,Receive,SOL,0.000065568,USD,13.575,0,0,0,Received 0.000065568 SOL from 
2022-12-01 23:23:19 UTC,Receive,USD,0.1,USD,1,0.1,0.1,0,Received 0.1 USD from 
2022-11-30 12:52:18 UTC,Receive,SOL,0.000066237,USD,13.585,0,0,0,Received 0.000066237 SOL from 
2022-11-28 15:04:13 UTC,Receive,ADA,0.092167,USD,0.3063,0.03,0.03,0,Received 0.092167 ADA from 
2022-11-28 08:29:00 UTC,Receive,SOL,0.00006736,USD,13.345,0,0,0,Received 0.00006736 SOL from 
2022-11-26 08:27:30 UTC,Receive,SOL,0.000063966,USD,14.405,0,0,0,Received 0.000063966 SOL from 
2022-11-23 14:18:40 UTC,Receive,ADA,0.091685,USD,0.31215,0.03,0.03,0,Received 0.091685 ADA from 
2022-11-23 08:56:46 UTC,Receive,SOL,0.000075681,USD,13.055,0,0,0,Received 0.000075681 SOL from 
2022-11-22 03:46:01 UTC,Receive,ADA,0.092431,USD,0.3063,0.03,0.03,0,Received 0.092431 ADA from 
2022-11-21 07:30:51 UTC,Receive,SOL,0.000075011,USD,11.765,0,0,0,Received 0.000075011 SOL from 
2022-11-19 07:28:27 UTC,Receive,SOL,0.000076522,USD,12.86,0,0,0,Received 0.000076522 SOL from 
2022-11-17 08:33:37 UTC,Receive,SOL,0.000076476,USD,14.23,0,0,0,Received 0.000076476 SOL from 
2022-11-16 22:45:41 UTC,Receive,ADA,0.093286,USD,0.32835,0.03,0.03,0,Received 0.093286 ADA from 
2022-11-14 07:21:09 UTC,Receive,SOL,0.000079497,USD,14.15,0,0,0,Received 0.000079497 SOL from 
2022-11-12 20:31:31 UTC,Receive,SOL,0.000333766,USD,15.025,0.01,0.01,0,Received 0.000333766 SOL from 
2022-11-11 22:36:31 UTC,Receive,ADA,0.099939,USD,0.35175,0.04,0.04,0,Received 0.099939 ADA from 
2022-11-11 18:16:07 UTC,Receive,SOL,0.000341729,USD,16.52,0.01,0.01,0,Received 0.000341729 SOL from 
2022-11-08 14:58:18 UTC,Receive,SOL,0.000354545,USD,27.505,0.01,0.01,0,Received 0.000354545 SOL from 
2022-11-05 05:45:10 UTC,Receive,SOL,0.00033317,USD,34.735,0.01,0.01,0,Received 0.00033317 SOL from 
2022-11-03 12:04:16 UTC,Receive,ADA,0.103172,USD,0.39095,0.04,0.04,0,Received 0.103172 ADA from 
2022-11-02 02:26:50 UTC,Receive,SOL,0.000329192,USD,31.955,0.01,0.01,0,Received 0.000329192 SOL from 
2022-10-31 01:16:22 UTC,Receive,SOL,0.000337415,USD,32.85,0.01,0.01,0,Received 0.000337415 SOL from 
2022-10-30 07:25:02 UTC,Receive,ADA,0.095,USD,0.42025,0.04,0.04,0,Received 0.095 ADA from 
2022-10-29 01:01:46 UTC,Receive,SOL,0.00032939,USD,32.055,0.01,0.01,0,Received 0.00032939 SOL from 
2022-10-26 11:59:43 UTC,Receive,ADA,0.101182,USD,0.40535,0.04,0.04,0,Received 0.101182 ADA from 
2022-10-26 05:16:21 UTC,Receive,SOL,0.000336242,USD,31.12,0.01,0.01,0,Received 0.000336242 SOL from 
2022-10-24 01:40:14 UTC,Receive,SOL,0.000330352,USD,28.99,0.01,0.01,0,Received 0.000330352 SOL from 
2022-10-22 02:09:12 UTC,Receive,SOL,0.000326362,USD,27.915,0.01,0.01,0,Received 0.000326362 SOL from 
2022-10-20 02:24:09 UTC,Receive,SOL,0.00034175,USD,28.925,0.01,0.01,0,Received 0.00034175 SOL from 
2022-10-19 06:49:13 UTC,Receive,ADA,0.103749,USD,0.35675,0.04,0.04,0,Received 0.103749 ADA from 
2022-10-17 02:20:35 UTC,Receive,SOL,0.000339885,USD,29.945,0.01,0.01,0,Received 0.000339885 SOL from 
2022-10-16 22:57:13 UTC,Receive,ADA,0.096947,USD,0.371,0.04,0.04,0,Received 0.096947 ADA from 
2022-10-16 14:49:53 UTC,Receive,BTC,0.00231261,USD,19133.98,44.25,44.25,0,Received 0.00231261 BTC from GDAX
2022-10-16 14:49:34 UTC,Receive,ETH,0.0701792,USD,1282.79,90.03,90.03,0,Received 0.0701792 ETH from GDAX
2022-10-16 05:04:58 UTC,Receive,ADA,0.099934,USD,0.36765,0.04,0.04,0,Received 0.099934 ADA from 
2022-10-15 01:38:02 UTC,Receive,ADA,0.096681,USD,0.36705,0.04,0.04,0,Received 0.096681 ADA from 
2022-10-14 18:24:37 UTC,Receive,SOL,0.000341891,USD,30.25,0.01,0.01,0,Received 0.000341891 SOL from 
2022-10-14 01:24:59 UTC,Receive,SOL,0.000341989,USD,31.09,0.01,0.01,0,Received 0.000341989 SOL from 
2022-10-09 03:53:58 UTC,Receive,SOL,0.000342587,USD,32.475,0.01,0.01,0,Received 0.000342587 SOL from 
2022-10-08 19:27:13 UTC,Receive,SOL,0.000330817,USD,32.705,0.01,0.01,0,Received 0.000330817 SOL from 
2022-10-08 02:20:39 UTC,Receive,SOL,0.000345202,USD,32.905,0.01,0.01,0,Received 0.000345202 SOL from 
2022-10-07 22:45:45 UTC,Receive,SOL,0.000349421,USD,33.13,0.01,0.01,0,Received 0.000349421 SOL from 
2022-10-06 14:03:53 UTC,Receive,SOL,0.000347054,USD,33.685,0.01,0.01,0,Received 0.000347054 SOL from 
2022-10-05 15:47:27 UTC,Receive,SOL,0.000319751,USD,33.625,0.01,0.01,0,Received 0.000319751 SOL from 
2022-10-04 21:22:09 UTC,Receive,SOL,0.000324393,USD,34.195,0.01,0.01,0,Received 0.000324393 SOL from 
2022-10-04 19:01:42 UTC,Receive,ADA,0.099235,USD,0.43355,0.04,0.04,0,Received 0.099235 ADA from 
2022-09-28 05:44:39 UTC,Receive,ADA,0.099707,USD,0.43135,0.04,0.04,0,Received 0.099707 ADA from Coinbase Rewards
2022-09-24 09:28:24 UTC,Receive,ADA,0.102562,USD,0.4595,0.05,0.05,0,Received 0.102562 ADA from Coinbase Rewards
2022-09-20 01:16:23 UTC,Receive,SOL,0.000327252,USD,32.52,0.01,0.01,0,Received 0.000327252 SOL from Coinbase Rewards
2022-09-17 06:01:41 UTC,Receive,ADA,0.100007,USD,0.47495,0.05,0.05,0,Received 0.100007 ADA from Coinbase Rewards
2022-09-16 21:06:16 UTC,Receive,SOL,0.000360561,USD,32.255,0.01,0.01,0,Received 0.000360561 SOL from Coinbase Rewards
2022-09-13 19:10:31 UTC,Receive,SOL,0.000363496,USD,33.5,0.01,0.01,0,Received 0.000363496 SOL from Coinbase Rewards
2022-09-11 18:57:00 UTC,Receive,SOL,0.000362063,USD,35.385,0.01,0.01,0,Received 0.000362063 SOL from Coinbase Rewards
2022-09-11 17:08:15 UTC,Receive,ADA,0.09862,USD,0.5149,0.05,0.05,0,Received 0.09862 ADA from Coinbase Rewards
2022-09-09 08:19:59 UTC,Receive,ADA,0.101787,USD,0.4914,0.05,0.05,0,Received 0.101787 ADA from Coinbase Rewards
2022-09-08 21:48:01 UTC,Receive,SOL,0.000366922,USD,33.595,0.01,0.01,0,Received 0.000366922 SOL from Coinbase Rewards
2022-09-05 17:43:38 UTC,Receive,SOL,0.000369711,USD,31.895,0.01,0.01,0,Received 0.000369711 SOL from Coinbase Rewards
2022-09-03 19:05:58 UTC,Receive,SOL,0.000368769,USD,31.075,0.01,0.01,0,Received 0.000368769 SOL from Coinbase Rewards
2022-09-01 06:38:31 UTC,Receive,ADA,0.097429,USD,0.4475,0.04,0.04,0,Received 0.097429 ADA from Coinbase Rewards
2022-08-31 19:36:07 UTC,Receive,SOL,0.000327969,USD,32.095,0.01,0.01,0,Received 0.000327969 SOL from Coinbase Rewards
2022-08-28 18:25:20 UTC,Receive,SOL,0.00037524,USD,31.965,0.01,0.01,0,Received 0.00037524 SOL from Coinbase Rewards
2022-08-27 07:24:41 UTC,Receive,ADA,0.097695,USD,0.4378,0.04,0.04,0,Received 0.097695 ADA from Coinbase Rewards
2022-08-25 19:14:12 UTC,Receive,SOL,0.000368657,USD,35.675,0.01,0.01,0,Received 0.000368657 SOL from Coinbase Rewards
2022-08-22 18:10:18 UTC,Receive,SOL,0.000171486,USD,34.365,0.01,0.01,0,Received 0.000171486 SOL from Coinbase Rewards
2022-08-22 05:47:01 UTC,Receive,ADA,0.098067,USD,0.4578,0.04,0.04,0,Received 0.098067 ADA from Coinbase Rewards
2022-08-21 11:54:42 UTC,Exchange Deposit,USD,100,USD,1,100,100,0,
2022-08-21 11:54:39 UTC,Deposit,USD,100,USD,1,100,100,0,
2022-08-21 11:53:40 UTC,Receive,USD,0.19,USD,1,0.19,0.19,0,Received 0.19 USD from an external account
2022-08-21 11:53:35 UTC,Receive,LRC,0.52439,USD,0.3825,0.2,0.2,0,Received 0.52439 LRC from an external account
2022-08-21 11:53:35 UTC,Receive,ETH,0.02939266,USD,1627.79,47.85,47.85,0,Received 0.02939266 ETH from an external account
2022-08-21 11:53:35 UTC,Receive,ADA,0.05,USD,0.4646,0.02,0.02,0,Received 0.05 ADA from an external account
2022-08-21 11:53:35 UTC,Receive,USDC,0.000417,USD,1,0,0,0,Received 0.000417 USDC from an external account
2022-08-21 11:53:34 UTC,Receive,BTC,0.00208448,USD,21531.21,44.88,44.88,0,Received 0.00208448 BTC from an external account
2022-08-19 17:48:30 UTC,Receive,SOL,0.000341889,USD,37.39,0.01,0.01,0,Received 0.000341889 SOL from Coinbase Rewards
2022-08-19 07:12:47 UTC,Receive,ADA,0.093607,USD,0.4734,0.04,0.04,0,Received 0.093607 ADA from Coinbase Rewards
2022-08-16 17:13:45 UTC,Receive,SOL,0.000340477,USD,43.15,0.01,0.01,0,Received 0.000340477 SOL from Coinbase Rewards
2022-08-13 16:45:39 UTC,Receive,SOL,0.000342546,USD,46.17,0.02,0.02,0,Received 0.000342546 SOL from Coinbase Rewards
2022-08-11 04:41:21 UTC,Receive,ADA,0.096336,USD,0.54375,0.05,0.05,0,Received 0.096336 ADA from Coinbase Rewards
2022-08-10 17:35:17 UTC,Receive,SOL,0.000343716,USD,42.005,0.01,0.01,0,Received 0.000343716 SOL from Coinbase Rewards
2022-08-07 15:38:54 UTC,Receive,SOL,0.000354151,USD,40.355,0.01,0.01,0,Received 0.000354151 SOL from Coinbase Rewards
2022-08-06 11:25:23 UTC,Receive,ADA,0.097684,USD,0.5179,0.05,0.05,0,Received 0.097684 ADA from Coinbase Rewards
2022-08-05 07:16:04 UTC,Receive,SOL,0.000354485,USD,40.085,0.01,0.01,0,Received 0.000354485 SOL from Coinbase Rewards
2022-08-02 16:10:27 UTC,Receive,ADA,0.0942,USD,0.5026,0.05,0.05,0,Received 0.0942 ADA from Coinbase Rewards
2022-08-02 04:29:15 UTC,Receive,SOL,0.000354204,USD,40.275,0.01,0.01,0,Received 0.000354204 SOL from Coinbase Rewards
2022-07-30 20:14:23 UTC,Exchange Deposit,USD,100,USD,1,100,100,0,
2022-07-30 20:14:20 UTC,Deposit,USD,100,USD,1,100,100,0,
2022-07-30 20:13:40 UTC,Receive,BTC,0.00238233,USD,23855.185,56.83,56.83,0,Received 0.00238233 BTC from GDAX
2022-07-30 01:44:52 UTC,Receive,SOL,0.000361173,USD,42.415,0.02,0.02,0,Received 0.000361173 SOL from Coinbase Rewards
2022-07-29 00:46:52 UTC,Receive,ADA,0.099473,USD,0.5185,0.05,0.05,0,Received 0.099473 ADA from Coinbase Rewards
2022-07-27 02:38:11 UTC,Receive,SOL,0.000364941,USD,35.805,0.01,0.01,0,Received 0.000364941 SOL from Coinbase Rewards
2022-07-25 01:07:07 UTC,Receive,SOL,0.000358785,USD,39.415,0.01,0.01,0,Received 0.000358785 SOL from Coinbase Rewards
2022-07-23 19:15:41 UTC,Receive,ADA,0.103663,USD,0.4768,0.05,0.05,0,Received 0.103663 ADA from Coinbase Rewards
2022-07-22 08:37:52 UTC,Receive,SOL,0.000363666,USD,43.21,0.02,0.02,0,Received 0.000363666 SOL from Coinbase Rewards
2022-07-17 23:44:33 UTC,Receive,SOL,0.00036703,USD,38.855,0.01,0.01,0,Received 0.00036703 SOL from Coinbase Rewards
2022-07-17 20:48:35 UTC,Receive,ADA,0.102326,USD,0.446,0.05,0.05,0,Received 0.102326 ADA from Coinbase Rewards
2022-07-16 15:39:56 UTC,Exchange Deposit,USD,100,USD,1,100,100,0,
2022-07-16 15:39:53 UTC,Deposit,USD,100,USD,1,100,100,0,
2022-07-16 15:39:29 UTC,Receive,BTC,0.00229704,USD,20895.860000018359,48,48,0,Received 0.00229704 BTC from GDAX
2022-07-16 15:39:12 UTC,Receive,ETH,0.04078108,USD,1260.55,51.41,51.41,0,Received 0.04078108 ETH from GDAX
2022-07-15 01:30:32 UTC,Receive,SOL,0.000369366,USD,36.875,0.01,0.01,0,Received 0.000369366 SOL from Coinbase Rewards
2022-07-13 22:41:56 UTC,Receive,ADA,0.05144,USD,0.42555,0.02,0.02,0,Received 0.05144 ADA from Coinbase Rewards
2022-07-11 23:52:06 UTC,Receive,SOL,0.000370122,USD,33.45,0.01,0.01,0,Received 0.000370122 SOL from Coinbase Rewards
2022-07-09 19:33:04 UTC,Receive,ADA,0.076743,USD,0.4802,0.04,0.04,0,Received 0.076743 ADA from Coinbase Rewards
2022-07-08 14:42:40 UTC,Exchange Deposit,USD,100,USD,1,100,100,0,
2022-07-08 14:42:37 UTC,Deposit,USD,100,USD,1,100,100,0,
2022-07-08 14:41:54 UTC,Receive,ETH,0.04124523,USD,1220.310000000043,50.33,50.33,0,Received 0.04124523 ETH from GDAX
2022-07-08 14:41:36 UTC,Receive,BTC,0.00237136,USD,21593.545,51.21,51.21,0,Received 0.00237136 BTC from GDAX
2022-07-08 06:01:11 UTC,Receive,SOL,0.000373941,USD,37.93,0.01,0.01,0,Received 0.000373941 SOL from Coinbase Rewards
2022-07-06 05:51:56 UTC,Receive,ADA,0.07761,USD,0.45715,0.04,0.04,0,Received 0.07761 ADA from Coinbase Rewards
2022-07-04 11:03:33 UTC,Receive,SOL,0.000795238,USD,33.445,0.03,0.03,0,Received 0.000795238 SOL from Coinbase Rewards
2022-06-27 11:04:14 UTC,Receive,ADA,0.09507,USD,0.5059,0.05,0.05,0,Received 0.09507 ADA from Coinbase Rewards
2022-06-24 17:50:00 UTC,Exchange Deposit,USD,100,USD,1,100,100,0,
2022-06-24 17:49:56 UTC,Deposit,USD,100,USD,1,100,100,0,
2022-06-24 17:49:15 UTC,Receive,BTC,0.00240937,USD,21042.42,50.7,50.7,0,Received 0.00240937 BTC from GDAX
2022-06-24 17:48:54 UTC,Receive,ETH,0.04605412,USD,1208.505,55.66,55.66,0,Received 0.04605412 ETH from GDAX
2022-06-24 12:29:28 UTC,Receive,ADA,0.092924,USD,0.50395,0.05,0.05,0,Received 0.092924 ADA from Coinbase Rewards
2022-06-20 16:40:21 UTC,Receive,ADA,0.088723,USD,0.494,0.04,0.04,0,Received 0.088723 ADA from Coinbase Rewards
2022-06-17 13:30:50 UTC,Exchange Deposit,USD,100,USD,1,100,100,0,
2022-06-17 13:30:47 UTC,Deposit,USD,100,USD,1,100,100,0,
2022-06-17 13:30:20 UTC,Receive,ETH,0.02873802,USD,1075.275,30.9,30.9,0,Received 0.02873802 ETH from GDAX
2022-06-17 13:30:04 UTC,Receive,BTC,0.00168745,USD,20576.885,34.72,34.72,0,Received 0.00168745 BTC from GDAX
2022-06-12 05:43:55 UTC,Receive,ADA,0.09362,USD,0.50535,0.05,0.05,0,Received 0.09362 ADA from Coinbase Rewards
2022-06-10 15:14:20 UTC,Exchange Deposit,USD,100,USD,1,100,100,0,
2022-06-10 15:14:10 UTC,Deposit,USD,100,USD,1,100,100,0,
2022-06-10 15:13:48 UTC,Receive,ETH,0.02837105,USD,1734.22,49.2,49.2,0,Received 0.02837105 ETH from GDAX
2022-06-10 15:13:31 UTC,Receive,BTC,0.00168351,USD,29530.93499998363,49.72,49.72,0,Received 0.00168351 BTC from GDAX
2022-06-06 22:12:36 UTC,Receive,ADA,0.089977,USD,0.6185,0.06,0.06,0,Received 0.089977 ADA from Coinbase Rewards
2022-06-03 13:50:31 UTC,Exchange Deposit,USD,100,USD,1,100,100,0,
2022-06-03 13:50:25 UTC,Deposit,USD,100,USD,1,100,100,0,
2022-06-03 13:49:42 UTC,Receive,ETH,0.02885403,USD,1757,50.7,50.7,0,Received 0.02885403 ETH from GDAX
2022-06-03 13:49:15 UTC,Receive,BTC,0.00175288,USD,29596.09500004368,51.88,51.88,0,Received 0.00175288 BTC from GDAX
2022-06-01 04:13:03 UTC,Receive,ADA,0.094324,USD,0.5983,0.06,0.06,0,Received 0.094324 ADA from Coinbase Rewards
2022-05-28 04:12:18 UTC,Receive,ADA,0.092042,USD,0.45415,0.04,0.04,0,Received 0.092042 ADA from Coinbase Rewards
2022-05-27 18:55:24 UTC,Exchange Deposit,USD,100,USD,1,100,100,0,
2022-05-27 18:55:20 UTC,Deposit,USD,100,USD,1,100,100,0,
2022-05-26 11:38:57 UTC,Receive,ETH,0.02571325,USD,1813.825,46.64,46.64,0,Received 0.02571325 ETH from GDAX
2022-05-26 11:38:34 UTC,Receive,BTC,0.00172514,USD,29056.34,50.13,50.13,0,Received 0.00172514 BTC from GDAX
2022-05-22 04:23:17 UTC,Receive,ADA,0.090299,USD,0.5238,0.05,0.05,0,Received 0.090299 ADA from Coinbase Rewards
2022-05-20 17:35:45 UTC,Exchange Deposit,USD,100,USD,1,100,100,0,
2022-05-20 17:35:43 UTC,Deposit,USD,100,USD,1,100,100,0,
2022-05-20 17:35:21 UTC,Receive,ETH,0.04032029,USD,1935.7850000000824,78.05,78.05,0,Received 0.04032029 ETH from GDAX
2022-05-20 17:35:01 UTC,Receive,BTC,0.00297869,USD,28822.48,85.85,85.85,0,Received 0.00297869 BTC from GDAX
2022-05-20 04:44:49 UTC,Receive,ADA,0.092775,USD,0.5289,0.05,0.05,0,Received 0.092775 ADA from Coinbase Rewards
2022-05-12 04:55:36 UTC,Receive,ADA,0.094201,USD,0.43,0.04,0.04,0,Received 0.094201 ADA from Coinbase Rewards
2022-05-09 20:08:15 UTC,Exchange Deposit,USD,100,USD,1,100,100,0,
2022-05-09 20:08:12 UTC,Deposit,USD,100,USD,1,100,100,0,
2022-05-07 04:39:32 UTC,Receive,ADA,0.089025,USD,0.76,0.07,0.07,0,Received 0.089025 ADA from Coinbase Rewards
2022-05-06 11:49:53 UTC,Exchange Deposit,USD,100,USD,1,100,100,0,
2022-05-06 11:49:51 UTC,Deposit,USD,100,USD,1,100,100,0,
2022-05-06 11:49:11 UTC,Receive,BTC,0.00128807,USD,35827.48499997135,46.15,46.15,0,Received 0.00128807 BTC from GDAX
2022-05-06 11:48:54 UTC,Receive,ETH,0.28228068,USD,2671.694999999729,754.17,754.17,0,Received 0.28228068 ETH from GDAX
2022-05-03 16:54:00 UTC,Receive,ADA,0.089379,USD,0.78,0.07,0.07,0,Received 0.089379 ADA from Coinbase Rewards
2022-05-02 13:49:57 UTC,Send,ETH,0.26464132,USD,2815.13,745,745,0,Sent 0.26464132 ETH to 
2022-05-02 13:48:32 UTC,Send,ETH,0.00281661,USD,1775.18,5,5,0,Sent 0.00281661 ETH to 
2022-05-02 13:41:40 UTC,Exchange Deposit,USD,750,USD,1,750,750,0,
2022-05-02 13:41:34 UTC,Deposit,USD,750,USD,1,750,750,0,
2022-04-29 16:47:55 UTC,Exchange Deposit,USD,100,USD,1,100,100,0,
2022-04-29 16:47:52 UTC,Deposit,USD,100,USD,1,100,100,0,
2022-04-29 16:47:37 UTC,Receive,ETH,0.01658969,USD,2821.370000000063,46.81,46.81,0,Received 0.01658969 ETH from GDAX
2022-04-29 16:47:15 UTC,Receive,BTC,0.00123228,USD,38541.67500001916,47.49,47.49,0,Received 0.00123228 BTC from GDAX
2022-04-27 08:04:08 UTC,Receive,ADA,0.082688,USD,0.85,0.07,0.07,0,Received 0.082688 ADA from Coinbase Rewards
2022-04-24 23:42:02 UTC,Receive,ADA,0.088014,USD,0.88,0.08,0.08,0,Received 0.088014 ADA from Coinbase Rewards
2022-04-24 04:25:37 UTC,Receive,ADA,0.087494,USD,0.89,0.08,0.08,0,Received 0.087494 ADA from Coinbase Rewards
2022-04-23 07:05:24 UTC,Receive,ADA,0.085477,USD,0.89,0.08,0.08,0,Received 0.085477 ADA from Coinbase Rewards
2022-04-22 12:56:40 UTC,Exchange Deposit,USD,100,USD,1,100,100,0,
2022-04-22 12:56:37 UTC,Deposit,USD,100,USD,1,100,100,0,
2022-04-21 11:57:00 UTC,Receive,ETH,0.01638203,USD,3151.235,51.62,51.62,0,Received 0.01638203 ETH from GDAX
2022-04-21 11:56:43 UTC,Receive,BTC,0.00122768,USD,42436.65,52.1,52.1,0,Received 0.00122768 BTC from GDAX
2022-04-15 15:28:56 UTC,Exchange Deposit,USD,100,USD,1,100,100,0,
2022-04-15 15:28:47 UTC,Deposit,USD,100,USD,1,100,100,0,
2022-04-14 14:17:36 UTC,Receive,ETH,0.01516029,USD,3042.035,46.12,46.12,0,Received 0.01516029 ETH from GDAX
2022-04-14 14:17:18 UTC,Receive,BTC,0.00114228,USD,40435.175,46.19,46.19,0,Received 0.00114228 BTC from GDAX
2022-04-08 10:06:45 UTC,Exchange Deposit,USD,100,USD,1,100,100,0,
2022-04-08 10:06:42 UTC,Deposit,USD,100,USD,1,100,100,0,
2022-04-07 15:10:02 UTC,Receive,BTC,0.00110512,USD,43498.135,48.07,48.07,0,Received 0.00110512 BTC from GDAX
2022-04-07 15:09:38 UTC,Receive,ETH,0.01515506,USD,3194.075,48.41,48.41,0,Received 0.01515506 ETH from GDAX
2022-04-01 12:34:15 UTC,Exchange Deposit,USD,100,USD,1,100,100,0,
2022-04-01 12:34:11 UTC,Deposit,USD,100,USD,1,100,100,0,
2022-03-31 10:08:27 UTC,Receive,BTC,0.00111317,USD,47326.515,52.68,52.68,0,Received 0.00111317 BTC from GDAX
2022-03-31 10:08:03 UTC,Receive,ETH,0.01565924,USD,3425.17,53.64,53.64,0,Received 0.01565924 ETH from GDAX
2022-03-25 11:53:29 UTC,Exchange Deposit,USD,100,USD,1,100,100,0,
2022-03-25 11:53:26 UTC,Deposit,USD,100,USD,1,100,100,0,
2022-03-24 16:08:57 UTC,Receive,BTC,0.00122622,USD,43955.725,53.9,53.9,0,Received 0.00122622 BTC from GDAX
2022-03-24 16:08:42 UTC,Receive,ETH,0.0177478,USD,3105.575,55.12,55.12,0,Received 0.0177478 ETH from GDAX
2022-03-18 13:44:34 UTC,Exchange Deposit,USD,100,USD,1,100,100,0,
2022-03-18 13:44:29 UTC,Deposit,USD,100,USD,1,100,100,0,
2022-03-17 11:57:12 UTC,Receive,BTC,0.00126298,USD,40724.26,51.43,51.43,0,Received 0.00126298 BTC from GDAX
2022-03-17 11:56:54 UTC,Receive,ETH,0.01900271,USD,2773.22,52.7,52.7,0,Received 0.01900271 ETH from GDAX
2022-03-11 13:47:27 UTC,Exchange Deposit,USD,100,USD,1,100,100,0,
2022-03-11 13:47:24 UTC,Deposit,USD,100,USD,1,100,100,0,
2022-03-10 11:17:56 UTC,Receive,BTC,0.00120649,USD,39095.945,47.17,47.17,0,Received 0.00120649 BTC from GDAX
2022-03-10 11:17:27 UTC,Receive,ETH,0.01844283,USD,2592.705,47.82,47.82,0,Received 0.01844283 ETH from GDAX
2022-03-04 14:43:52 UTC,Exchange Deposit,USD,100,USD,1,100,100,0,
2022-03-04 14:43:49 UTC,Deposit,USD,100,USD,1,100,100,0,
2022-03-03 11:47:59 UTC,Receive,ETH,0.01834341,USD,2915.535,53.48,53.48,0,Received 0.01834341 ETH from GDAX
2022-03-03 11:47:39 UTC,Receive,BTC,0.00126411,USD,43445,54.92,54.92,0,Received 0.00126411 BTC from GDAX
2022-02-25 13:26:59 UTC,Exchange Deposit,USD,100,USD,1,100,100,0,
2022-02-25 13:26:56 UTC,Deposit,USD,100,USD,1,100,100,0,
2022-02-25 13:26:36 UTC,Receive,ETH,0.01747436,USD,2721.765,47.56,47.56,0,Received 0.01747436 ETH from GDAX
2022-02-25 13:26:17 UTC,Receive,BTC,0.00123329,USD,39423.055,48.62,48.62,0,Received 0.00123329 BTC from GDAX
2022-02-18 14:57:13 UTC,Exchange Deposit,USD,100,USD,1,100,100,0,
2022-02-18 14:57:09 UTC,Deposit,USD,100,USD,1,100,100,0,
2022-02-18 14:56:07 UTC,Receive,BTC,0.00114044,USD,40204.05,45.85,45.85,0,Received 0.00114044 BTC from GDAX
2022-02-18 14:55:49 UTC,Receive,ETH,0.01600244,USD,2847.595,45.57,45.57,0,Received 0.01600244 ETH from GDAX
2022-02-11 13:10:19 UTC,Exchange Deposit,USD,100,USD,1,100,100,0,
2022-02-11 13:10:16 UTC,Deposit,USD,100,USD,1,100,100,0,
2022-02-10 16:58:08 UTC,Receive,ETH,0.01679927,USD,3224.605,54.17,54.17,0,Received 0.01679927 ETH from GDAX
2022-02-10 16:57:46 UTC,Receive,BTC,0.00122058,USD,45503.395,55.54,55.54,0,Received 0.00122058 BTC from GDAX
2022-02-04 20:18:15 UTC,Exchange Deposit,USD,100,USD,1,100,100,0,
2022-02-04 20:18:11 UTC,Deposit,USD,100,USD,1,100,100,0,
2022-02-04 20:17:40 UTC,Receive,BTC,0.00131762,USD,40779.63,53.73,53.73,0,Received 0.00131762 BTC from GDAX
2022-02-04 20:17:24 UTC,Receive,ETH,0.01944067,USD,2967.915,57.7,57.7,0,Received 0.01944067 ETH from GDAX
2022-01-29 00:36:02 UTC,Exchange Deposit,USD,100,USD,1,100,100,0,
2022-01-29 00:35:59 UTC,Deposit,USD,100,USD,1,100,100,0,
2022-01-27 13:05:25 UTC,Receive,ETH,0.01778717,USD,2467.27,43.89,43.89,0,Received 0.01778717 ETH from GDAX
2022-01-27 13:05:07 UTC,Receive,BTC,0.0012922,USD,36745.62,47.48,47.48,0,Received 0.0012922 BTC from GDAX
2022-01-21 13:54:52 UTC,Exchange Deposit,USD,100,USD,1,100,100,0,
2022-01-21 13:54:48 UTC,Deposit,USD,100,USD,1,100,100,0,
2022-01-21 13:54:27 UTC,Receive,ETH,0.01501428,USD,2802.345,42.08,42.08,0,Received 0.01501428 ETH from GDAX
2022-01-21 13:54:05 UTC,Receive,BTC,0.00114976,USD,38573.005,44.35,44.35,0,Received 0.00114976 BTC from GDAX
2022-01-14 21:18:53 UTC,Exchange Deposit,USD,100,USD,1,100,100,0,
2022-01-14 21:18:50 UTC,Deposit,USD,100,USD,1,100,100,0,
2022-01-14 21:17:59 UTC,Receive,ETH,0.04297514,USD,3314.44,142.44,142.44,0,Received 0.04297514 ETH from GDAX
2022-01-14 21:17:36 UTC,Receive,BTC,0.00340097,USD,43272.8,147.17,147.17,0,Received 0.00340097 BTC from GDAX
2022-01-07 20:04:35 UTC,Exchange Deposit,USD,100,USD,1,100,100,0,
2022-01-07 20:04:32 UTC,Deposit,USD,100,USD,1,100,100,0,
2022-01-05 23:41:20 UTC,Exchange Deposit,USD,100,USD,1,100,100,0,
2022-01-05 23:41:17 UTC,Deposit,USD,100,USD,1,100,100,0,
2021-12-31 22:18:16 UTC,Exchange Deposit,USD,100,USD,1,100,100,0,
2021-12-31 22:18:13 UTC,Deposit,USD,100,USD,1,100,100,0,
2021-12-30 12:38:50 UTC,Receive,ETH,0.0121318,USD,3742.365,45.4,45.4,0,Received 0.0121318 ETH from GDAX
2021-12-30 12:38:35 UTC,Receive,BTC,0.00097235,USD,47632.865,46.32,46.32,0,Received 0.00097235 BTC from GDAX
2021-12-25 16:10:10 UTC,Send,BTC,0.00197409,USD,50630.375,99.95,99.95,0,Sent 0.00197409 BTC to Garret Early
2021-12-24 16:25:01 UTC,Exchange Deposit,USD,100,USD,1,100,100,0,
2021-12-24 16:24:58 UTC,Deposit,USD,100,USD,1,100,100,0,
2021-12-24 16:24:39 UTC,Receive,ETH,0.01257191,USD,4100.425,51.55,51.55,0,Received 0.01257191 ETH from GDAX
2021-12-24 16:24:19 UTC,Receive,BTC,0.00106035,USD,51096.165,54.18,54.18,0,Received 0.00106035 BTC from GDAX
2021-12-18 21:45:18 UTC,Receive,SHIB,463832,USD,0.00003125,14.49,14.49,0,Received 463832 SHIB from GDAX
2021-12-18 21:45:00 UTC,Receive,CRO,12.5,USD,0.5266,6.58,6.58,0,Received 12.5 CRO from GDAX
2021-12-18 21:44:47 UTC,Receive,ADA,11.6,USD,1.24625,14.46,14.46,0,Received 11.6 ADA from GDAX
2021-12-18 21:44:33 UTC,Receive,LRC,7,USD,2.08355,14.58,14.58,0,Received 7 LRC from GDAX
2021-12-18 21:44:20 UTC,Receive,MATIC,15.6,USD,2.2084,34.45,34.45,0,Received 15.6 MATIC from GDAX
2021-12-18 21:43:57 UTC,Receive,AVAX,0.389,USD,113.875,44.3,44.3,0,Received 0.389 AVAX from GDAX
2021-12-18 21:43:26 UTC,Receive,ENJ,23.15,USD,2.385,55.21,55.21,0,Received 23.15 ENJ from GDAX
2021-12-18 21:43:02 UTC,Receive,MANA,19.46,USD,3.3835,65.84,65.84,0,Received 19.46 MANA from GDAX
2021-12-18 21:42:45 UTC,Receive,AXS,0.706,USD,96.75,68.31,68.31,0,Received 0.706 AXS from GDAX
2021-12-18 21:42:29 UTC,Receive,SOL,0.505,USD,183.01,92.42,92.42,0,Received 0.505 SOL from GDAX
2021-12-18 21:42:09 UTC,Receive,BTC,0.00288917,USD,46949.955,135.65,135.65,0,Received 0.00288917 BTC from GDAX
2021-12-18 21:41:25 UTC,Receive,ETH,0.03697719,USD,3956.33,146.29,146.29,0,Received 0.03697719 ETH from GDAX
2021-12-18 21:39:58 UTC,Exchange Deposit,USD,100,USD,1,100,100,0,
2021-12-18 21:39:53 UTC,Deposit,USD,100,USD,1,100,100,0,
2021-12-12 00:46:29 UTC,Exchange Deposit,USD,200,USD,1,200,200,0,
2021-12-12 00:46:26 UTC,Deposit,USD,200,USD,1,200,200,0,
2021-12-04 08:31:14 UTC,Receive,USDC,0.003971,USD,1,0,0,0,Received 0.003971 USDC from Coinbase Rewards
2021-12-03 16:24:33 UTC,Exchange Deposit,USD,100,USD,1,100,100,0,
2021-12-03 16:24:31 UTC,Deposit,USD,100,USD,1,100,100,0,
2021-11-27 18:19:03 UTC,Exchange Deposit,USD,100,USD,1,100,100,0,
2021-11-27 18:19:00 UTC,Deposit,USD,100,USD,1,100,100,0,
2021-11-25 14:57:15 UTC,Exchange Deposit,USD,300,USD,1,300,300,0,
2021-11-25 14:57:12 UTC,Deposit,USD,300,USD,1,300,300,0,
2021-11-20 01:38:44 UTC,Receive,LRC,18,USD,2.67905,48.22,48.22,0,Received 18 LRC from GDAX
2021-11-19 15:24:01 UTC,Receive,SHIB,744575,USD,0.00005035,37.49,37.49,0,Received 744575 SHIB from GDAX
2021-11-19 15:23:41 UTC,Receive,CRO,118,USD,0.52055,61.42,61.42,0,Received 118 CRO from GDAX
2021-11-19 15:16:51 UTC,Exchange Deposit,USD,100,USD,1,100,100,0,
2021-11-19 15:16:48 UTC,Deposit,USD,100,USD,1,100,100,0,
2021-11-17 15:09:56 UTC,Exchange Deposit,USD,50,USD,1,50,50,0,
2021-11-17 15:09:52 UTC,Deposit,USD,50,USD,1,50,50,0,
2021-11-16 12:41:22 UTC,Exchange Deposit,USD,50,USD,1,50,50,0,
2021-11-16 12:41:19 UTC,Deposit,USD,50,USD,1,50,50,0,
2021-11-16 02:43:40 UTC,Exchange Deposit,USD,50,USD,1,50,50,0,
2021-11-16 02:43:37 UTC,Deposit,USD,50,USD,1,50,50,0,
2021-11-14 17:35:47 UTC,Receive,ETH,0.01067851,USD,4526.145,48.33,48.33,0,Received 0.01067851 ETH from GDAX
2021-11-14 15:47:32 UTC,Receive,BTC,0.00077394,USD,64170.675,49.66,49.66,0,Received 0.00077394 BTC from GDAX
2021-11-14 15:44:34 UTC,Receive,ADA,24.7,USD,2.0282,50.1,50.1,0,Received 24.7 ADA from GDAX
2021-11-14 15:44:01 UTC,Exchange Deposit,USD,50,USD,1,50,50,0,
2021-11-14 15:43:58 UTC,Deposit,USD,50,USD,1,50,50,0,
2021-11-13 01:45:33 UTC,Send,USDC,150,USD,1,150,150,0,Sent 150 USDC to GDAX
2021-11-12 23:12:45 UTC,Buy,USDC,50,USD,1,50,50,0,Bought 50 USDC for 50.00 USD
2021-11-05 21:56:26 UTC,Buy,USDC,50,USD,1,50,50,0,Bought 50 USDC for 50.00 USD
2021-11-04 16:30:08 UTC,Receive,SOL,0.25,USD,240.117,60.03,60.03,0,Received 0.25 SOL from GDAX
2021-11-03 04:19:26 UTC,Receive,USDC,0.005668,USD,1,0.01,0.01,0,Received 0.005668 USDC from Coinbase Rewards
2021-10-29 21:49:20 UTC,Buy,USDC,50,USD,1,50,50,0,Bought 50 USDC for 50.00 USD
2021-10-23 17:03:11 UTC,Receive,ETH,0.01214666,USD,4086.35,49.64,49.64,0,Received 0.01214666 ETH from GDAX
2021-10-23 17:02:51 UTC,Receive,BTC,0.00081242,USD,61087.49,49.63,49.63,0,Received 0.00081242 BTC from GDAX
2021-10-23 17:02:30 UTC,Receive,ADA,23.2,USD,2.1519,49.92,49.92,0,Received 23.2 ADA from GDAX
2021-10-23 17:00:19 UTC,Exchange Deposit,USD,50,USD,1,50,50,0,
2021-10-23 17:00:17 UTC,Deposit,USD,50,USD,1,50,50,0,
2021-10-23 16:58:39 UTC,Send,USDC,150.002312,USD,1,150,150,0,Sent 150.002312 USDC to GDAX
2021-10-22 21:59:42 UTC,Buy,USDC,50,USD,1,50,50,0,Bought 50 USDC for 50.00 USD
2021-10-15 23:51:18 UTC,Buy,USDC,50,USD,1,50,50,0,Bought 50 USDC for 50.00 USD
2021-10-12 13:42:27 UTC,Receive,SOL,0.307,USD,143.8065,44.15,44.15,0,Received 0.307 SOL from GDAX
2021-10-08 21:48:07 UTC,Buy,USDC,50,USD,1,50,50,0,Bought 50 USDC for 50.00 USD
2021-10-05 16:00:01 UTC,Receive,ADA,14.9,USD,2.1881,32.6,32.6,0,Received 14.9 ADA from GDAX
2021-10-05 15:59:40 UTC,Receive,ETH,0.01000852,USD,3419.715,34.23,34.23,0,Received 0.01000852 ETH from GDAX
2021-10-05 15:59:23 UTC,Receive,BTC,0.00069274,USD,49823.515,34.51,34.51,0,Received 0.00069274 BTC from GDAX
2021-10-02 16:35:12 UTC,Receive,USDC,0.002312,USD,1,0,0,0,Received 0.002312 USDC from Coinbase Rewards
2021-10-02 13:05:21 UTC,Exchange Deposit,USD,50,USD,1,50,50,0,
2021-10-02 13:05:18 UTC,Deposit,USD,50,USD,1,50,50,0,
2021-10-02 13:04:08 UTC,Send,USDC,100,USD,1,100,100,0,Sent 100 USDC to GDAX
2021-10-01 21:07:37 UTC,Buy,USDC,50,USD,1,50,50,0,Bought 50 USDC for 50.00 USD
2021-09-24 20:30:13 UTC,Buy,USDC,50,USD,1,50,50,0,Bought 50 USDC for 50.00 USD
2021-09-20 23:56:21 UTC,Receive,ETH,0.00555129,USD,2979.87,16.54,16.54,0,Received 0.00555129 ETH from GDAX
2021-09-20 23:56:04 UTC,Receive,BTC,0.00038491,USD,42966.845,16.54,16.54,0,Received 0.00038491 BTC from GDAX
2021-09-20 23:55:43 UTC,Receive,ADA,8,USD,2.0857,16.69,16.69,0,Received 8 ADA from GDAX
2021-09-20 23:53:31 UTC,Send,USDC,50,USD,1,50,50,0,Sent 50 USDC to GDAX
2021-09-17 22:16:24 UTC,Buy,USDC,50,USD,1,50,50,0,Bought 50 USDC for 50.00 USD
2021-09-12 03:20:00 UTC,Receive,BTC,0.00036585,USD,45334.995,16.59,16.59,0,Received 0.00036585 BTC from GDAX
2021-09-12 03:19:43 UTC,Receive,ETH,0.00503174,USD,3321.1,16.71,16.71,0,Received 0.00503174 ETH from GDAX
2021-09-12 03:19:10 UTC,Receive,ADA,6.4,USD,2.6004,16.64,16.64,0,Received 6.4 ADA from GDAX
2021-09-12 02:51:57 UTC,Send,USDC,50,USD,1,50,50,0,Sent 50 USDC to GDAX
2021-09-10 21:49:18 UTC,Buy,USDC,50,USD,1,50,50,0,Bought 50 USDC for 50.00 USD
2021-09-04 20:13:21 UTC,Receive,BTC,0.0001639,USD,50191.995,8.23,8.23,0,Received 0.0001639 BTC from GDAX
2021-09-04 20:12:59 UTC,Receive,ETH,0.00212271,USD,3873.505,8.22,8.22,0,Received 0.00212271 ETH from GDAX
2021-09-04 20:12:40 UTC,Receive,ADA,11.7,USD,2.8574,33.43,33.43,0,Received 11.7 ADA from GDAX
2021-09-04 20:10:25 UTC,Send,USDC,50.007883,USD,1,50.01,50.01,0,Sent 50.007883 USDC to GDAX
2021-09-03 23:52:40 UTC,Buy,USDC,50,USD,1,50,50,0,Bought 50 USDC for 50.00 USD
2021-09-03 00:25:46 UTC,Receive,USDC,0.004138,USD,1,0,0,0,Received 0.004138 USDC from Coinbase Rewards
2021-08-29 22:04:30 UTC,Receive,ETH,0.01024639,USD,3242.255,33.22,33.22,0,Received 0.01024639 ETH from GDAX
2021-08-29 22:04:10 UTC,Receive,BTC,0.00068082,USD,48986.645,33.35,33.35,0,Received 0.00068082 BTC from GDAX
2021-08-29 22:03:52 UTC,Receive,ADA,11.8,USD,2.8795,33.98,33.98,0,Received 11.8 ADA from GDAX
2021-08-28 20:02:42 UTC,Send,USDC,100,USD,1,100,100,0,Sent 100 USDC to GDAX
2021-08-27 22:58:33 UTC,Buy,USDC,50,USD,1,50,50,0,Bought 50 USDC for 50.00 USD
2021-08-20 23:47:00 UTC,Buy,USDC,50,USD,1,50,50,0,Bought 50 USDC for 50.00 USD
2021-08-14 01:20:16 UTC,Receive,BTC,0.00052083,USD,47737.195,24.86,24.86,0,Received 0.00052083 BTC from GDAX
2021-08-14 01:19:55 UTC,Receive,ETH,0.00748636,USD,3324.685,24.89,24.89,0,Received 0.00748636 ETH from GDAX
2021-08-14 01:16:44 UTC,Send,USDC,50,USD,1,50,50,0,Sent 50 USDC to GDAX
2021-08-13 20:53:28 UTC,Buy,USDC,50,USD,1,50,50,0,Bought 50 USDC for 50.00 USD
2021-08-09 14:10:07 UTC,Receive,BTC,0.00071691,USD,46125.365,33.07,33.07,0,Received 0.00071691 BTC from GDAX
2021-08-09 14:09:42 UTC,Receive,ETH,0.01054064,USD,3141.265,33.11,33.11,0,Received 0.01054064 ETH from GDAX
2021-08-09 14:09:15 UTC,Receive,ADA,22.7,USD,1.46975,33.36,33.36,0,Received 22.7 ADA from GDAX
2021-08-09 14:07:13 UTC,Send,USDC,100,USD,1,100,100,0,Sent 100 USDC to GDAX
2021-08-06 23:08:38 UTC,Receive,USDC,0.003745,USD,1,0,0,0,Received 0.003745 USDC from Coinbase Rewards
2021-08-06 22:06:16 UTC,Buy,USDC,50,USD,1,50,50,0,Bought 50 USDC for 50.00 USD
2021-07-30 21:42:03 UTC,Buy,USDC,50,USD,1,50,50,0,Bought 50 USDC for 50.00 USD
2021-07-26 17:51:42 UTC,Receive,BTC,0.00084093,USD,39279.395,33.03,33.03,0,Received 0.00084093 BTC from GDAX
2021-07-26 17:51:12 UTC,Receive,ETH,0.01398496,USD,2364.09,33.06,33.06,0,Received 0.01398496 ETH from GDAX
2021-07-26 17:50:38 UTC,Receive,ADA,24.8,USD,1.34505,33.36,33.36,0,Received 24.8 ADA from GDAX
2021-07-26 17:44:04 UTC,Send,USDC,100.002991,USD,1,100,100,0,Sent 100.002991 USDC to GDAX
2021-07-23 22:26:30 UTC,Buy,USDC,50,USD,1,50,50,0,Bought 50 USDC for 50.00 USD
2021-07-17 00:10:20 UTC,Buy,USDC,50,USD,1,50,50,0,Bought 50 USDC for 50.00 USD
2021-07-10 17:13:10 UTC,Receive,ETH,0.00781302,USD,2118.585,16.55,16.55,0,Received 0.00781302 ETH from GDAX
2021-07-10 17:12:51 UTC,Receive,BTC,0.00049072,USD,33827.63,16.6,16.6,0,Received 0.00049072 BTC from GDAX
2021-07-10 17:12:33 UTC,Receive,ADA,12.4,USD,1.33685,16.58,16.58,0,Received 12.4 ADA from GDAX
2021-07-10 17:10:48 UTC,Send,USDC,50,USD,1,50,50,0,Sent 50 USDC to GDAX
2021-07-09 23:03:35 UTC,Buy,USDC,50,USD,1,50,50,0,Bought 50 USDC for 50.00 USD
2021-07-06 14:45:31 UTC,Receive,ETH,0.0071766,USD,2305.165,16.54,16.54,0,Received 0.0071766 ETH from GDAX
2021-07-06 14:45:10 UTC,Receive,BTC,0.00048492,USD,34119.805,16.55,16.55,0,Received 0.00048492 BTC from GDAX
2021-07-06 14:44:50 UTC,Receive,ADA,11.7,USD,1.42165,16.63,16.63,0,Received 11.7 ADA from GDAX
2021-07-06 14:43:13 UTC,Send,USDC,50,USD,1,50,50,0,Sent 50 USDC to GDAX
2021-07-02 18:13:14 UTC,Buy,USDC,50,USD,1,50,50,0,Bought 50 USDC for 50.00 USD
2021-07-02 15:04:39 UTC,Receive,USDC,0.002991,USD,1,0,0,0,Received 0.002991 USDC from Coinbase Rewards
2021-06-26 00:25:05 UTC,Receive,ETH,0.01820196,USD,1815.675,33.05,33.05,0,Received 0.01820196 ETH from GDAX
2021-06-26 00:24:04 UTC,Receive,BTC,0.00104196,USD,31799.71,33.13,33.13,0,Received 0.00104196 BTC from GDAX
2021-06-26 00:23:33 UTC,Receive,ADA,26.4,USD,1.26285,33.34,33.34,0,Received 26.4 ADA from GDAX
2021-06-26 00:18:20 UTC,Send,USDC,100,USD,1,100,100,0,Sent 100 USDC to GDAX
2021-06-25 17:37:24 UTC,Buy,USDC,50,USD,1,50,50,0,Bought 50 USDC for 50.00 USD
2021-06-18 18:12:13 UTC,Buy,USDC,50,USD,1,50,50,0,Bought 50 USDC for 50.00 USD
2021-06-11 18:29:43 UTC,Receive,ETH,0.01381043,USD,2392.665,33.04,33.04,0,Received 0.01381043 ETH from GDAX
2021-06-11 18:29:25 UTC,Receive,BTC,0.00089792,USD,36831.06,33.07,33.07,0,Received 0.00089792 BTC from GDAX
2021-06-11 18:29:00 UTC,Receive,ADA,22.6,USD,1.47425,33.32,33.32,0,Received 22.6 ADA from GDAX
2021-06-11 18:14:30 UTC,Send,USDC,100.001595,USD,1,100,100,0,Sent 100.001595 USDC to GDAX
2021-06-11 17:55:06 UTC,Buy,USDC,50,USD,1,50,50,0,Bought 50 USDC for 50.00 USD
2021-06-04 17:39:08 UTC,Buy,USDC,50,USD,1,50,50,0,Bought 50 USDC for 50.00 USD
2021-06-02 16:25:47 UTC,Receive,USDC,0.001595,USD,1,0,0,0,Received 0.001595 USDC from Coinbase Rewards
2021-05-28 22:56:33 UTC,Receive,ETH,0.00392454,USD,2378.525,9.33,9.33,0,Received 0.00392454 ETH from GDAX
2021-05-28 22:56:12 UTC,Receive,BTC,0.00035614,USD,34971.985,12.45,12.45,0,Received 0.00035614 BTC from GDAX
2021-05-28 22:55:50 UTC,Receive,ADA,18.9,USD,1.4791,27.95,27.95,0,Received 18.9 ADA from GDAX
2021-05-28 22:53:26 UTC,Send,USDC,50,USD,1,50,50,0,Sent 50 USDC to GDAX
2021-05-28 18:11:49 UTC,Buy,USDC,50,USD,1,50,50,0,Bought 50 USDC for 50.00 USD
2021-05-21 18:48:33 UTC,Receive,BTC,0.00066692,USD,37257.785,24.85,24.85,0,Received 0.00066692 BTC from GDAX
2021-05-21 18:48:12 UTC,Receive,ETH,0.01011173,USD,2462.63,24.9,24.9,0,Received 0.01011173 ETH from GDAX
2021-05-21 18:47:18 UTC,Send,USDC,50,USD,1,50,50,0,Sent 50 USDC to GDAX
2021-05-21 17:32:39 UTC,Buy,USDC,50,USD,1,50,50,0,Bought 50 USDC for 50.00 USD
2021-05-14 18:41:21 UTC,Receive,ETH,0.00608005,USD,4063.365,24.71,24.71,0,Received 0.00608005 ETH from GDAX
2021-05-14 18:40:06 UTC,Receive,BTC,0.07352019,USD,50423.69,3707.16,3707.16,0,Received 0.07352019 BTC from GDAX
2021-05-14 18:37:43 UTC,Send,BTC,0.07302746,USD,50500.94,3687.96,3687.96,0,Sent 0.07302746 BTC to GDAX
2021-05-14 18:36:21 UTC,Send,USDC,50.000637,USD,1,50,50,0,Sent 50.000637 USDC to GDAX
2021-05-14 18:15:39 UTC,Buy,USDC,50,USD,1,50,50,0,Bought 50 USDC for 50.00 USD
2021-05-08 12:57:58 UTC,Receive,BTC,0.00085141,USD,58846.625,50.1,50.1,0,Received 0.00085141 BTC from GDAX
2021-05-08 03:02:32 UTC,Receive,ETH,0.0140894,USD,3541.165,49.89,49.89,0,Received 0.0140894 ETH from GDAX
2021-05-08 03:01:08 UTC,Send,USDC,100,USD,1,100,100,0,Sent 100 USDC to GDAX
2021-05-07 17:30:15 UTC,Buy,USDC,50,USD,1,50,50,0,Bought 50 USDC for 50.00 USD
2021-05-02 15:20:58 UTC,Receive,USDC,0.000637,USD,1,0,0,0,Received 0.000637 USDC from Coinbase Rewards
2021-04-30 17:45:24 UTC,Buy,USDC,50,USD,1,50,50,0,Bought 50 USDC for 50.00 USD
2021-04-23 19:55:10 UTC,Receive,ETH,0.01053367,USD,2356.255,24.82,24.82,0,Received 0.01053367 ETH from GDAX
2021-04-23 19:53:50 UTC,Receive,BTC,0.00049014,USD,50796.995,24.9,24.9,0,Received 0.00049014 BTC from GDAX
2021-04-23 19:51:44 UTC,Send,USDC,50,USD,1,50,50,0,Sent 50 USDC to GDAX
2021-04-23 18:02:18 UTC,Buy,USDC,50,USD,1,50,50,0,Bought 50 USDC for 50.00 USD
2021-04-17 14:02:52 UTC,Receive,ETH,0.01036048,USD,2400.32,24.87,24.87,0,Received 0.01036048 ETH from GDAX
2021-04-17 14:02:32 UTC,Receive,BTC,0.00040819,USD,60918.585,24.87,24.87,0,Received 0.00040819 BTC from GDAX
2021-04-17 14:01:18 UTC,Send,USDC,50,USD,1,50,50,0,Sent 50 USDC to GDAX
2021-04-16 17:38:49 UTC,Buy,USDC,50,USD,1,50,50,0,Bought 50 USDC for 50.00 USD
2021-04-10 11:08:48 UTC,Receive,BTC,0.00042817,USD,60634.765,25.96,25.96,0,Received 0.00042817 BTC from GDAX
2021-04-09 20:22:47 UTC,Receive,ETH,0.01198442,USD,2077.465,24.9,24.9,0,Received 0.01198442 ETH from GDAX
2021-04-09 16:40:59 UTC,Send,USDC,50,USD,1,50,50,0,Sent 50 USDC to GDAX
2021-04-09 16:36:22 UTC,Buy,USDC,50,USD,1,50,50,0,Bought 50 USDC for 50.00 USD
2021-04-06 13:10:44 UTC,Receive,BTC,0.00084955,USD,58564.24,49.75,49.75,0,Received 0.00084955 BTC from GDAX
2021-04-04 20:12:56 UTC,Send,USDC,50,USD,1,50,50,0,Sent 50 USDC to GDAX
2021-04-02 15:57:26 UTC,Buy,USDC,50,USD,1,50,50,0,Bought 50 USDC for 50.00 USD
2021-03-21 19:58:01 UTC,Receive,BTC,0.07,USD,57565.485,4029.58,4029.58,0,Received 0.07 BTC from Jared Early
2021-03-21 19:58:01 UTC,Send,BTC,0.07,USD,57565.485,4029.58,4029.58,0,Sent 0.07 BTC to Jared Early
2021-03-21 19:47:03 UTC,Receive,BTC,0.077,USD,57548.995,4431.27,4431.27,0,Received 0.077 BTC from Jared Early
2021-03-21 19:47:03 UTC,Send,BTC,0.077,USD,57548.995,4431.27,4431.27,0,Sent 0.077 BTC to Jared Early
2017-11-13 13:37:53 UTC,Receive,BTC,0.15721769,USD,6831.25,1073.99,1073.99,0,Received 0.15721769 BTC from Jared Early
2017-11-13 13:37:53 UTC,Send,BTC,0.15721769,USD,6831.25,1073.99,1073.99,0,Sent 0.15721769 BTC to Jared Early
2017-11-13 13:34:18 UTC,Buy,BTC,0.07047778,USD,6822.2920756017002806,480.82,500,19.18,Bought 0.07047778 BTC for 500.00 USD
2017-10-20 23:39:52 UTC,Buy,BTC,0.04141292,USD,6036.7634062027019587,250,259.98,9.98,Bought 0.04141292 BTC for 259.98 USD
2017-10-13 19:57:57 UTC,Receive,BTC,0.00182,USD,5513.35,10.03,10.03,0,Received 0.00182 BTC from Coinbase
2017-10-13 19:52:25 UTC,Buy,ETH,0.70878498,USD,339.1860815109259228,240.41,250,9.59,Bought 0.70878498 ETH for 250.00 USD
2017-10-13 19:52:00 UTC,Buy,BTC,0.04350699,USD,5525.778731187793042,240.41,250,9.59,Bought 0.04350699 BTC for 250.00 USD
