"Date","Type","Transaction ID","Received Quantity","Received Currency","Received Cost Basis (USD)","Received Wallet","Received Address","Received Tag","Received Comment","Sent Quantity","Sent Currency","Sent Cost Basis (USD)","Sent Wallet","Sent Address","Sent Tag","Sent Comment","Fee Amount","Fee Currency","Realized Return (USD)","Disabled"
01/05/2022 23:41:17,Receive,,100.00,USD,...,Coinbase - USD Wallet,,,Deposited funds From Chase - TOTAL CHECKING *****5458,,,...,,,,,,,...,
01/05/2022 23:41:20,Transfer,,100.00,USD,...,Coinbase Pro - USD,,,,100.00,USD,...,Coinbase - USD Wallet,,,Transferred funds To Coinbase Pro,,,...,
01/05/2022 23:41:31,Buy,,0.00114225,BTC,...,Coinbase Pro - BTC,,,,50.00,USD,...,Coinbase Pro - USD,,,,0.25,USD,...,
01/05/2022 23:42:05,Buy,,0.01402542,ETH,...,Coinbase Pro - ETH,,,,50.00,USD,...,Coinbase Pro - USD,,,,0.25,USD,...,
01/07/2022 20:04:32,Receive,,100.00,USD,...,Coinbase - USD Wallet,,,Deposited funds From Chase - TOTAL CHECKING *****5458,,,...,,,,,,,...,
01/07/2022 20:04:35,Transfer,,100.00,USD,...,Coinbase Pro - USD,,,,100.00,USD,...,Coinbase - USD Wallet,,,Transferred funds To Coinbase Pro,,,...,
01/07/2022 20:04:45,Buy,,0.00118741,BTC,...,Coinbase Pro - BTC,,,,49.97,USD,...,Coinbase Pro - USD,,,,0.25,USD,...,
01/07/2022 20:04:54,Buy,,0.01551098,ETH,...,Coinbase Pro - ETH,,,,50.03,USD,...,Coinbase Pro - USD,,,,0.25,USD,...,
01/14/2022 21:17:36,Transfer,,0.00340097,BTC,...,Coinbase - BTC Wallet,,,Transferred Bitcoin From Coinbase Pro,0.00340097,BTC,...,Coinbase Pro - BTC,,,,,,...,
01/14/2022 21:17:59,Transfer,,0.04297514,ETH,...,Coinbase - ETH Wallet,,,Transferred Ethereum From Coinbase Pro,0.04297514,ETH,...,Coinbase Pro - ETH,,,,,,...,
01/14/2022 21:18:50,Receive,,100.00,USD,...,Coinbase - USD Wallet,,,Deposited funds From Chase - TOTAL CHECKING *****5458,,,...,,,,,,,...,
01/14/2022 21:18:53,Transfer,,100.00,USD,...,Coinbase Pro - USD,,,,100.00,USD,...,Coinbase - USD Wallet,,,Transferred funds To Coinbase Pro,,,...,
01/14/2022 21:19:06,Buy,,0.00100000,BTC,...,Coinbase Pro - BTC,,,,43.48,USD,...,Coinbase Pro - USD,,,,0.22,USD,...,
01/14/2022 21:19:06,Buy,,0.00014976,BTC,...,Coinbase Pro - BTC,,,,6.51,USD,...,Coinbase Pro - USD,,,,0.03,USD,...,
01/14/2022 21:19:15,Buy,,0.01501428,ETH,...,Coinbase Pro - ETH,,,,50.00,USD,...,Coinbase Pro - USD,,,,0.25,USD,...,
01/21/2022 13:54:05,Transfer,,0.00114976,BTC,...,Coinbase - BTC Wallet,,,Transferred Bitcoin From Coinbase Pro,0.00114976,BTC,...,Coinbase Pro - BTC,,,,,,...,
01/21/2022 13:54:27,Transfer,,0.01501428,ETH,...,Coinbase - ETH Wallet,,,Transferred Ethereum From Coinbase Pro,0.01501428,ETH,...,Coinbase Pro - ETH,,,,,,...,
01/21/2022 13:54:48,Receive,,100.00,USD,...,Coinbase - USD Wallet,,,Deposited funds From Chase - TOTAL CHECKING *****5458,,,...,,,,,,,...,
01/21/2022 13:54:52,Transfer,,100.00,USD,...,Coinbase Pro - USD,,,,100.00,USD,...,Coinbase - USD Wallet,,,Transferred funds To Coinbase Pro,,,...,
01/21/2022 13:55:01,Buy,,0.00129220,BTC,...,Coinbase Pro - BTC,,,,50.00,USD,...,Coinbase Pro - USD,,,,0.25,USD,...,
01/21/2022 13:55:16,Buy,,0.01778717,ETH,...,Coinbase Pro - ETH,,,,49.97,USD,...,Coinbase Pro - USD,,,,0.25,USD,...,
01/27/2022 13:05:07,Transfer,,0.00129220,BTC,...,Coinbase - BTC Wallet,,,Transferred Bitcoin From Coinbase Pro,0.00129220,BTC,...,Coinbase Pro - BTC,,,,,,...,
01/27/2022 13:05:25,Transfer,,0.01778717,ETH,...,Coinbase - ETH Wallet,,,Transferred Ethereum From Coinbase Pro,0.01778717,ETH,...,Coinbase Pro - ETH,,,,,,...,
01/29/2022 00:35:59,Receive,,100.00,USD,...,Coinbase - USD Wallet,,,Deposited funds From Chase - TOTAL CHECKING *****5458,,,...,,,,,,,...,
01/29/2022 00:36:02,Transfer,,100.00,USD,...,Coinbase Pro - USD,,,,100.00,USD,...,Coinbase - USD Wallet,,,Transferred funds To Coinbase Pro,,,...,
01/29/2022 00:36:22,Buy,,0.01944067,ETH,...,Coinbase Pro - ETH,,,,50.02,USD,...,Coinbase Pro - USD,,,,0.25,USD,...,
01/29/2022 00:51:32,Buy,,0.00131762,BTC,...,Coinbase Pro - BTC,,,,50.02,USD,...,Coinbase Pro - USD,,,,0.25,USD,...,
02/04/2022 20:17:24,Transfer,,0.01944067,ETH,...,Coinbase - ETH Wallet,,,Transferred Ethereum From Coinbase Pro,0.01944067,ETH,...,Coinbase Pro - ETH,,,,,,...,
02/04/2022 20:17:40,Transfer,,0.00131762,BTC,...,Coinbase - BTC Wallet,,,Transferred Bitcoin From Coinbase Pro,0.00131762,BTC,...,Coinbase Pro - BTC,,,,,,...,
02/04/2022 20:18:11,Receive,,100.00,USD,...,Coinbase - USD Wallet,,,Deposited funds From Chase - TOTAL CHECKING *****5458,,,...,,,,,,,...,
02/04/2022 20:18:15,Transfer,,100.00,USD,...,Coinbase Pro - USD,,,,100.00,USD,...,Coinbase - USD Wallet,,,Transferred funds To Coinbase Pro,,,...,
02/04/2022 20:18:24,Buy,,0.00122058,BTC,...,Coinbase Pro - BTC,,,,49.97,USD,...,Coinbase Pro - USD,,,,0.25,USD,...,
02/04/2022 20:18:46,Buy,,0.01679000,ETH,...,Coinbase Pro - ETH,,,,50.00,USD,...,Coinbase Pro - USD,,,,0.25,USD,...,
02/04/2022 20:18:46,Buy,,0.00000927,ETH,...,Coinbase Pro - ETH,,,,0.03,USD,...,Coinbase Pro - USD,,,,0.00,USD,...,
02/10/2022 16:57:46,Transfer,,0.00122058,BTC,...,Coinbase - BTC Wallet,,,Transferred Bitcoin From Coinbase Pro,0.00122058,BTC,...,Coinbase Pro - BTC,,,,,,...,
02/10/2022 16:58:08,Transfer,,0.01679927,ETH,...,Coinbase - ETH Wallet,,,Transferred Ethereum From Coinbase Pro,0.01679927,ETH,...,Coinbase Pro - ETH,,,,,,...,
02/11/2022 13:10:16,Receive,,100.00,USD,...,Coinbase - USD Wallet,,,Deposited funds From Chase - TOTAL CHECKING *****5458,,,...,,,,,,,...,
02/11/2022 13:10:19,Transfer,,100.00,USD,...,Coinbase Pro - USD,,,,100.00,USD,...,Coinbase - USD Wallet,,,Transferred funds To Coinbase Pro,,,...,
02/11/2022 13:10:29,Buy,,0.00114044,BTC,...,Coinbase Pro - BTC,,,,50.00,USD,...,Coinbase Pro - USD,,,,0.25,USD,...,
02/11/2022 13:10:37,Buy,,0.01600244,ETH,...,Coinbase Pro - ETH,,,,50.00,USD,...,Coinbase Pro - USD,,,,0.25,USD,...,
02/18/2022 14:55:49,Transfer,,0.01600244,ETH,...,Coinbase - ETH Wallet,,,Transferred Ethereum From Coinbase Pro,0.01600244,ETH,...,Coinbase Pro - ETH,,,,,,...,
02/18/2022 14:56:07,Transfer,,0.00114044,BTC,...,Coinbase - BTC Wallet,,,Transferred Bitcoin From Coinbase Pro,0.00114044,BTC,...,Coinbase Pro - BTC,,,,,,...,
02/18/2022 14:57:09,Receive,,100.00,USD,...,Coinbase - USD Wallet,,,Deposited funds From Chase - TOTAL CHECKING *****5458,,,...,,,,,,,...,
02/18/2022 14:57:13,Transfer,,100.00,USD,...,Coinbase Pro - USD,,,,100.00,USD,...,Coinbase - USD Wallet,,,Transferred funds To Coinbase Pro,,,...,
02/18/2022 14:57:28,Buy,,0.01747436,ETH,...,Coinbase Pro - ETH,,,,50.00,USD,...,Coinbase Pro - USD,,,,0.25,USD,...,
02/18/2022 15:22:53,Buy,,0.00123329,BTC,...,Coinbase Pro - BTC,,,,50.00,USD,...,Coinbase Pro - USD,,,,0.25,USD,...,
02/25/2022 13:26:17,Transfer,,0.00123329,BTC,...,Coinbase - BTC Wallet,,,Transferred Bitcoin From Coinbase Pro,0.00123329,BTC,...,Coinbase Pro - BTC,,,,,,...,
02/25/2022 13:26:36,Transfer,,0.01747436,ETH,...,Coinbase - ETH Wallet,,,Transferred Ethereum From Coinbase Pro,0.01747436,ETH,...,Coinbase Pro - ETH,,,,,,...,
02/25/2022 13:26:56,Receive,,100.00,USD,...,Coinbase - USD Wallet,,,Deposited funds From Chase - TOTAL CHECKING *****5458,,,...,,,,,,,...,
02/25/2022 13:26:59,Transfer,,100.00,USD,...,Coinbase Pro - USD,,,,100.00,USD,...,Coinbase - USD Wallet,,,Transferred funds To Coinbase Pro,,,...,
02/25/2022 13:27:04,Buy,,0.00126411,BTC,...,Coinbase Pro - BTC,,,,49.99,USD,...,Coinbase Pro - USD,,,,0.25,USD,...,
02/25/2022 13:27:37,Buy,,0.01834341,ETH,...,Coinbase Pro - ETH,,,,50.01,USD,...,Coinbase Pro - USD,,,,0.25,USD,...,
03/03/2022 11:47:39,Transfer,,0.00126411,BTC,...,Coinbase - BTC Wallet,,,Transferred Bitcoin From Coinbase Pro,0.00126411,BTC,...,Coinbase Pro - BTC,,,,,,...,
03/03/2022 11:47:59,Transfer,,0.01834341,ETH,...,Coinbase - ETH Wallet,,,Transferred Ethereum From Coinbase Pro,0.01834341,ETH,...,Coinbase Pro - ETH,,,,,,...,
03/04/2022 14:43:49,Receive,,100.00,USD,...,Coinbase - USD Wallet,,,Deposited funds From Chase - TOTAL CHECKING *****5458,,,...,,,,,,,...,
03/04/2022 14:43:52,Transfer,,100.00,USD,...,Coinbase Pro - USD,,,,100.00,USD,...,Coinbase - USD Wallet,,,Transferred funds To Coinbase Pro,,,...,
03/04/2022 14:44:07,Buy,,0.01844283,ETH,...,Coinbase Pro - ETH,,,,50.00,USD,...,Coinbase Pro - USD,,,,0.30,USD,...,
03/04/2022 14:44:17,Buy,,0.00120649,BTC,...,Coinbase Pro - BTC,,,,49.90,USD,...,Coinbase Pro - USD,,,,0.20,USD,...,
03/10/2022 11:17:27,Transfer,,0.01844283,ETH,...,Coinbase - ETH Wallet,,,Transferred Ethereum From Coinbase Pro,0.01844283,ETH,...,Coinbase Pro - ETH,,,,,,...,
03/10/2022 11:17:56,Transfer,,0.00120649,BTC,...,Coinbase - BTC Wallet,,,Transferred Bitcoin From Coinbase Pro,0.00120649,BTC,...,Coinbase Pro - BTC,,,,,,...,
03/11/2022 13:47:24,Receive,,100.00,USD,...,Coinbase - USD Wallet,,,Deposited funds From Chase - TOTAL CHECKING *****5458,,,...,,,,,,,...,
03/11/2022 13:47:27,Transfer,,100.00,USD,...,Coinbase Pro - USD,,,,100.00,USD,...,Coinbase - USD Wallet,,,Transferred funds To Coinbase Pro,,,...,
03/11/2022 13:47:40,Buy,,0.00126000,BTC,...,Coinbase Pro - BTC,,,,49.83,USD,...,Coinbase Pro - USD,,,,0.20,USD,...,
03/11/2022 13:47:40,Buy,,0.00000298,BTC,...,Coinbase Pro - BTC,,,,0.12,USD,...,Coinbase Pro - USD,,,,0.00,USD,...,
03/11/2022 13:47:49,Buy,,0.01900271,ETH,...,Coinbase Pro - ETH,,,,50.11,USD,...,Coinbase Pro - USD,,,,0.30,USD,...,
03/17/2022 11:56:54,Transfer,,0.01900271,ETH,...,Coinbase - ETH Wallet,,,Transferred Ethereum From Coinbase Pro,0.01900271,ETH,...,Coinbase Pro - ETH,,,,,,...,
03/17/2022 11:57:12,Transfer,,0.00126298,BTC,...,Coinbase - BTC Wallet,,,Transferred Bitcoin From Coinbase Pro,0.00126298,BTC,...,Coinbase Pro - BTC,,,,,,...,
03/18/2022 13:44:29,Receive,,100.00,USD,...,Coinbase - USD Wallet,,,Deposited funds From Chase - TOTAL CHECKING *****5458,,,...,,,,,,,...,
03/18/2022 13:44:34,Transfer,,100.00,USD,...,Coinbase Pro - USD,,,,100.00,USD,...,Coinbase - USD Wallet,,,Transferred funds To Coinbase Pro,,,...,
03/18/2022 13:44:45,Buy,,0.00122622,BTC,...,Coinbase Pro - BTC,,,,49.92,USD,...,Coinbase Pro - USD,,,,0.20,USD,...,
03/18/2022 13:45:05,Buy,,0.00100000,ETH,...,Coinbase Pro - ETH,,,,2.82,USD,...,Coinbase Pro - USD,,,,0.02,USD,...,
03/18/2022 13:45:05,Buy,,0.00100000,ETH,...,Coinbase Pro - ETH,,,,2.82,USD,...,Coinbase Pro - USD,,,,0.02,USD,...,
03/18/2022 13:45:05,Buy,,0.00100000,ETH,...,Coinbase Pro - ETH,,,,2.82,USD,...,Coinbase Pro - USD,,,,0.02,USD,...,
03/18/2022 13:45:05,Buy,,0.00300000,ETH,...,Coinbase Pro - ETH,,,,8.47,USD,...,Coinbase Pro - USD,,,,0.05,USD,...,
03/18/2022 13:45:05,Buy,,0.00022000,ETH,...,Coinbase Pro - ETH,,,,0.62,USD,...,Coinbase Pro - USD,,,,0.00,USD,...,
03/18/2022 13:45:05,Buy,,0.01152780,ETH,...,Coinbase Pro - ETH,,,,32.54,USD,...,Coinbase Pro - USD,,,,0.19,USD,...,
03/24/2022 16:08:42,Transfer,,0.01774780,ETH,...,Coinbase - ETH Wallet,,,Transferred Ethereum From Coinbase Pro,0.01774780,ETH,...,Coinbase Pro - ETH,,,,,,...,
03/24/2022 16:08:57,Transfer,,0.00122622,BTC,...,Coinbase - BTC Wallet,,,Transferred Bitcoin From Coinbase Pro,0.00122622,BTC,...,Coinbase Pro - BTC,,,,,,...,
03/25/2022 11:53:26,Receive,,100.00,USD,...,Coinbase - USD Wallet,,,Deposited funds From Chase - TOTAL CHECKING *****5458,,,...,,,,,,,...,
03/25/2022 11:53:29,Transfer,,100.00,USD,...,Coinbase Pro - USD,,,,100.00,USD,...,Coinbase - USD Wallet,,,Transferred funds To Coinbase Pro,,,...,
03/25/2022 11:53:35,Buy,,0.00111317,BTC,...,Coinbase Pro - BTC,,,,50.00,USD,...,Coinbase Pro - USD,,,,0.30,USD,...,
03/25/2022 11:53:43,Buy,,0.01565924,ETH,...,Coinbase Pro - ETH,,,,50.02,USD,...,Coinbase Pro - USD,,,,0.30,USD,...,
03/31/2022 10:08:03,Transfer,,0.01565924,ETH,...,Coinbase - ETH Wallet,,,Transferred Ethereum From Coinbase Pro,0.01565924,ETH,...,Coinbase Pro - ETH,,,,,,...,
03/31/2022 10:08:24,Transfer,,0.00111317,BTC,...,Coinbase - BTC Wallet,,,Transferred Bitcoin From Coinbase Pro,0.00111317,BTC,...,Coinbase Pro - BTC,,,,,,...,
04/01/2022 12:34:11,Receive,,100.00,USD,...,Coinbase - USD Wallet,,,Deposited funds From Chase - TOTAL CHECKING *****5458,,,...,,,,,,,...,
04/01/2022 12:34:15,Transfer,,100.00,USD,...,Coinbase Pro - USD,,,,100.00,USD,...,Coinbase - USD Wallet,,,Transferred funds To Coinbase Pro,,,...,
04/01/2022 12:34:36,Buy,,0.00110512,BTC,...,Coinbase Pro - BTC,,,,50.00,USD,...,Coinbase Pro - USD,,,,0.30,USD,...,
04/01/2022 12:34:59,Buy,,0.01515506,ETH,...,Coinbase Pro - ETH,,,,49.91,USD,...,Coinbase Pro - USD,,,,0.20,USD,...,
04/07/2022 15:09:37,Transfer,,0.01515506,ETH,...,Coinbase - ETH Wallet,,,Transferred Ethereum From Coinbase Pro,0.01515506,ETH,...,Coinbase Pro - ETH,,,,,,...,
04/07/2022 15:10:01,Transfer,,0.00110512,BTC,...,Coinbase - BTC Wallet,,,Transferred Bitcoin From Coinbase Pro,0.00110512,BTC,...,Coinbase Pro - BTC,,,,,,...,
04/08/2022 10:06:42,Receive,,100.00,USD,...,Coinbase - USD Wallet,,,Deposited funds From Chase - TOTAL CHECKING *****5458,,,...,,,,,,,...,
04/08/2022 10:06:45,Transfer,,100.00,USD,...,Coinbase Pro - USD,,,,100.00,USD,...,Coinbase - USD Wallet,,,Transferred funds To Coinbase Pro,,,...,
04/08/2022 10:07:03,Buy,,0.00114228,BTC,...,Coinbase Pro - BTC,,,,50.05,USD,...,Coinbase Pro - USD,,,,0.30,USD,...,
04/08/2022 10:07:16,Buy,,0.00100000,ETH,...,Coinbase Pro - ETH,,,,3.30,USD,...,Coinbase Pro - USD,,,,0.02,USD,...,
04/08/2022 10:07:16,Buy,,0.00100000,ETH,...,Coinbase Pro - ETH,,,,3.30,USD,...,Coinbase Pro - USD,,,,0.02,USD,...,
04/08/2022 10:07:16,Buy,,0.00100000,ETH,...,Coinbase Pro - ETH,,,,3.30,USD,...,Coinbase Pro - USD,,,,0.02,USD,...,
04/08/2022 10:07:16,Buy,,0.00400000,ETH,...,Coinbase Pro - ETH,,,,13.21,USD,...,Coinbase Pro - USD,,,,0.08,USD,...,
04/08/2022 10:07:20,Buy,,0.00816000,ETH,...,Coinbase Pro - ETH,,,,26.89,USD,...,Coinbase Pro - USD,,,,0.11,USD,...,
04/08/2022 10:07:20,Buy,,0.00000029,ETH,...,Coinbase Pro - ETH,,,,0.00,USD,...,Coinbase Pro - USD,,,,0.00,USD,...,
04/14/2022 14:17:17,Transfer,,0.00114228,BTC,...,Coinbase - BTC Wallet,,,Transferred Bitcoin From Coinbase Pro,0.00114228,BTC,...,Coinbase Pro - BTC,,,,,,...,
04/14/2022 14:17:35,Transfer,,0.01516029,ETH,...,Coinbase - ETH Wallet,,,Transferred Ethereum From Coinbase Pro,0.01516029,ETH,...,Coinbase Pro - ETH,,,,,,...,
04/15/2022 15:28:47,Receive,,100.00,USD,...,Coinbase - USD Wallet,,,Deposited funds From Chase - TOTAL CHECKING *****5458,,,...,,,,,,,...,
04/15/2022 15:28:56,Transfer,,100.00,USD,...,Coinbase Pro - USD,,,,100.00,USD,...,Coinbase - USD Wallet,,,Transferred funds To Coinbase Pro,,,...,
04/15/2022 15:29:52,Buy,,0.01638202,ETH,...,Coinbase Pro - ETH,,,,49.93,USD,...,Coinbase Pro - USD,,,,0.20,USD,...,
04/15/2022 15:29:52,Buy,,0.00000001,ETH,...,Coinbase Pro - ETH,,,,0.00,USD,...,Coinbase Pro - USD,,,,0.00,USD,...,
04/15/2022 15:29:52,Buy,,0.00122768,BTC,...,Coinbase Pro - BTC,,,,49.93,USD,...,Coinbase Pro - USD,,,,0.20,USD,...,
04/21/2022 11:56:43,Transfer,,0.00122768,BTC,...,Coinbase - BTC Wallet,,,Transferred Bitcoin From Coinbase Pro,0.00122768,BTC,...,Coinbase Pro - BTC,,,,,,...,
04/21/2022 11:56:59,Transfer,,0.01638203,ETH,...,Coinbase - ETH Wallet,,,Transferred Ethereum From Coinbase Pro,0.01638203,ETH,...,Coinbase Pro - ETH,,,,,,...,
04/22/2022 12:56:35,Transfer,,100.00,USD,...,Coinbase Pro - USD,,,,100.00,USD,...,Coinbase - USD Wallet,,,Transferred funds To Coinbase Pro,,,...,
04/22/2022 12:56:37,Receive,,100.00,USD,...,Coinbase - USD Wallet,,,Deposited funds From Chase - TOTAL CHECKING *****5458,,,...,,,,,,,...,
04/22/2022 12:56:47,Buy,,0.00123228,BTC,...,Coinbase Pro - BTC,,,,50.10,USD,...,Coinbase Pro - USD,,,,0.30,USD,...,
04/22/2022 12:56:56,Buy,,0.00100000,ETH,...,Coinbase Pro - ETH,,,,3.02,USD,...,Coinbase Pro - USD,,,,0.02,USD,...,
04/22/2022 12:56:56,Buy,,0.01558969,ETH,...,Coinbase Pro - ETH,,,,47.08,USD,...,Coinbase Pro - USD,,,,0.28,USD,...,
04/23/2022 07:05:24,Receive,,0.08547700,ADA,...,Coinbase - ADA Wallet,,,Cardano reward From Coinbase,,,...,,,,,,,...,
04/24/2022 04:25:37,Receive,,0.08749400,ADA,...,Coinbase - ADA Wallet,,,Cardano reward From Coinbase,,,...,,,,,,,...,
04/24/2022 23:42:02,Receive,,0.08801400,ADA,...,Coinbase - ADA Wallet,,,Cardano reward From Coinbase,,,...,,,,,,,...,
04/27/2022 08:04:08,Receive,,0.08268800,ADA,...,Coinbase - ADA Wallet,,,Cardano reward From Coinbase,,,...,,,,,,,...,
04/29/2022 16:47:15,Transfer,,0.00123228,BTC,...,Coinbase - BTC Wallet,,,Transferred Bitcoin From Coinbase Pro,0.00123228,BTC,...,Coinbase Pro - BTC,,,,,,...,
04/29/2022 16:47:37,Transfer,,0.01658969,ETH,...,Coinbase - ETH Wallet,,,Transferred Ethereum From Coinbase Pro,0.01658969,ETH,...,Coinbase Pro - ETH,,,,,,...,
04/29/2022 16:47:52,Receive,,100.00,USD,...,Coinbase - USD Wallet,,,Deposited funds From Chase - TOTAL CHECKING *****5458,,,...,,,,,,,...,
04/29/2022 16:47:55,Transfer,,100.00,USD,...,Coinbase Pro - USD,,,,100.00,USD,...,Coinbase - USD Wallet,,,Transferred funds To Coinbase Pro,,,...,
04/29/2022 16:48:18,Buy,,0.00128807,BTC,...,Coinbase Pro - BTC,,,,49.90,USD,...,Coinbase Pro - USD,,,,0.20,USD,...,
04/29/2022 16:48:23,Buy,,0.01761592,ETH,...,Coinbase Pro - ETH,,,,49.90,USD,...,Coinbase Pro - USD,,,,0.20,USD,...,
05/02/2022 13:41:34,Receive,,750.00,USD,...,Coinbase - USD Wallet,,,Deposited funds From Chase - TOTAL CHECKING *****5458,,,...,,,,,,,...,
05/02/2022 13:41:40,Transfer,,750.00,USD,...,Coinbase Pro - USD,,,,750.00,USD,...,Coinbase - USD Wallet,,,Transferred funds To Coinbase Pro,,,...,
05/02/2022 13:42:04,Buy,,0.00100000,ETH,...,Coinbase Pro - ETH,,,,2.83,USD,...,Coinbase Pro - USD,,,,0.02,USD,...,
05/02/2022 13:42:04,Buy,,0.00100000,ETH,...,Coinbase Pro - ETH,,,,2.83,USD,...,Coinbase Pro - USD,,,,0.02,USD,...,
05/02/2022 13:42:04,Buy,,0.03550968,ETH,...,Coinbase Pro - ETH,,,,100.62,USD,...,Coinbase Pro - USD,,,,0.60,USD,...,
05/02/2022 13:42:04,Buy,,0.22715508,ETH,...,Coinbase Pro - ETH,,,,643.71,USD,...,Coinbase Pro - USD,,,,3.84,USD,...,
05/02/2022 13:48:32,Send,,,,...,,,,,0.00281661,ETH,...,Coinbase - ETH Wallet,0xc0bA316e741646F2cf5683E2f857fc7e4130a38F,,Sent Ethereum To Ethereum address,0.00105000,ETH,...,
05/02/2022 13:49:57,Send,,,,...,,,,,0.26464132,ETH,...,Coinbase - ETH Wallet,0xc0bA316e741646F2cf5683E2f857fc7e4130a38F,,Sent Ethereum To Ethereum address,0.00105000,ETH,...,
05/03/2022 16:54:00,Receive,,0.08937900,ADA,...,Coinbase - ADA Wallet,,,Cardano reward From Coinbase,,,...,,,,,,,...,
05/06/2022 11:48:54,Transfer,,0.28228068,ETH,...,Coinbase - ETH Wallet,,,Transferred Ethereum From Coinbase Pro,0.28228068,ETH,...,Coinbase Pro - ETH,,,,,,...,
05/06/2022 11:49:11,Transfer,,0.00128807,BTC,...,Coinbase - BTC Wallet,,,Transferred Bitcoin From Coinbase Pro,0.00128807,BTC,...,Coinbase Pro - BTC,,,,,,...,
05/06/2022 11:49:51,Receive,,100.00,USD,...,Coinbase - USD Wallet,,,Deposited funds From Chase - TOTAL CHECKING *****5458,,,...,,,,,,,...,
05/06/2022 11:49:53,Transfer,,100.00,USD,...,Coinbase Pro - USD,,,,100.00,USD,...,Coinbase - USD Wallet,,,Transferred funds To Coinbase Pro,,,...,
05/06/2022 11:50:00,Buy,,0.00015318,BTC,...,Coinbase Pro - BTC,,,,5.52,USD,...,Coinbase Pro - USD,,,,0.03,USD,...,
05/06/2022 11:50:00,Buy,,0.00123666,BTC,...,Coinbase Pro - BTC,,,,44.56,USD,...,Coinbase Pro - USD,,,,0.27,USD,...,
05/06/2022 11:53:50,Buy,,0.01863499,ETH,...,Coinbase Pro - ETH,,,,50.02,USD,...,Coinbase Pro - USD,,,,0.20,USD,...,
05/07/2022 04:39:32,Receive,,0.08902500,ADA,...,Coinbase - ADA Wallet,,,Cardano reward From Coinbase,,,...,,,,,,,...,
05/09/2022 20:08:12,Receive,,100.00,USD,...,Coinbase - USD Wallet,,,Deposited funds From Chase - TOTAL CHECKING *****5458,,,...,,,,,,,...,
05/09/2022 20:08:15,Transfer,,100.00,USD,...,Coinbase Pro - USD,,,,100.00,USD,...,Coinbase - USD Wallet,,,Transferred funds To Coinbase Pro,,,...,
05/09/2022 20:08:25,Buy,,0.00158885,BTC,...,Coinbase Pro - BTC,,,,49.98,USD,...,Coinbase Pro - USD,,,,0.30,USD,...,
05/09/2022 20:08:31,Buy,,0.02168530,ETH,...,Coinbase Pro - ETH,,,,50.04,USD,...,Coinbase Pro - USD,,,,0.30,USD,...,
05/12/2022 04:55:36,Receive,,0.09420100,ADA,...,Coinbase - ADA Wallet,,,Cardano reward From Coinbase,,,...,,,,,,,...,
05/20/2022 04:44:49,Receive,,0.09277500,ADA,...,Coinbase - ADA Wallet,,,Cardano reward From Coinbase,,,...,,,,,,,...,
05/20/2022 17:35:01,Transfer,,0.00297869,BTC,...,Coinbase - BTC Wallet,,,Transferred Bitcoin From Coinbase Pro,0.00297869,BTC,...,Coinbase Pro - BTC,,,,,,...,
05/20/2022 17:35:21,Transfer,,0.04032029,ETH,...,Coinbase - ETH Wallet,,,Transferred Ethereum From Coinbase Pro,0.04032029,ETH,...,Coinbase Pro - ETH,,,,,,...,
05/20/2022 17:35:43,Receive,,100.00,USD,...,Coinbase - USD Wallet,,,Deposited funds From Chase - TOTAL CHECKING *****5458,,,...,,,,,,,...,
05/20/2022 17:35:45,Transfer,,100.00,USD,...,Coinbase Pro - USD,,,,100.00,USD,...,Coinbase - USD Wallet,,,Transferred funds To Coinbase Pro,,,...,
05/20/2022 17:36:24,Buy,,0.02571325,ETH,...,Coinbase Pro - ETH,,,,49.94,USD,...,Coinbase Pro - USD,,,,0.20,USD,...,
05/20/2022 17:36:25,Buy,,0.00172514,BTC,...,Coinbase Pro - BTC,,,,49.94,USD,...,Coinbase Pro - USD,,,,0.20,USD,...,
05/22/2022 04:23:17,Receive,,0.09029900,ADA,...,Coinbase - ADA Wallet,,,Cardano reward From Coinbase,,,...,,,,,,,...,
05/26/2022 11:38:34,Transfer,,0.00172514,BTC,...,Coinbase - BTC Wallet,,,Transferred Bitcoin From Coinbase Pro,0.00172514,BTC,...,Coinbase Pro - BTC,,,,,,...,
05/26/2022 11:38:57,Transfer,,0.02571325,ETH,...,Coinbase - ETH Wallet,,,Transferred Ethereum From Coinbase Pro,0.02571325,ETH,...,Coinbase Pro - ETH,,,,,,...,
05/27/2022 18:55:18,Transfer,,100.00,USD,...,Coinbase Pro - USD,,,,100.00,USD,...,Coinbase - USD Wallet,,,Transferred funds To Coinbase Pro,,,...,
05/27/2022 18:55:20,Receive,,100.00,USD,...,Coinbase - USD Wallet,,,Deposited funds From Chase - TOTAL CHECKING *****5458,,,...,,,,,,,...,
05/27/2022 18:56:04,Buy,,0.02885403,ETH,...,Coinbase Pro - ETH,,,,50.00,USD,...,Coinbase Pro - USD,,,,0.20,USD,...,
05/27/2022 18:58:09,Buy,,0.00175000,BTC,...,Coinbase Pro - BTC,,,,49.92,USD,...,Coinbase Pro - USD,,,,0.20,USD,...,
05/27/2022 18:58:10,Buy,,0.00000288,BTC,...,Coinbase Pro - BTC,,,,0.08,USD,...,Coinbase Pro - USD,,,,0.00,USD,...,
05/28/2022 04:12:18,Receive,,0.09204200,ADA,...,Coinbase - ADA Wallet,,,Cardano reward From Coinbase,,,...,,,,,,,...,
06/01/2022 04:13:03,Receive,,0.09432400,ADA,...,Coinbase - ADA Wallet,,,Cardano reward From Coinbase,,,...,,,,,,,...,
06/03/2022 13:49:15,Transfer,,0.00175288,BTC,...,Coinbase - BTC Wallet,,,Transferred Bitcoin From Coinbase Pro,0.00175288,BTC,...,Coinbase Pro - BTC,,,,,,...,
06/03/2022 13:49:42,Transfer,,0.02885403,ETH,...,Coinbase - ETH Wallet,,,Transferred Ethereum From Coinbase Pro,0.02885403,ETH,...,Coinbase Pro - ETH,,,,,,...,
06/03/2022 13:50:25,Receive,,100.00,USD,...,Coinbase - USD Wallet,,,Deposited funds From Chase - TOTAL CHECKING *****5458,,,...,,,,,,,...,
06/03/2022 13:50:31,Transfer,,100.00,USD,...,Coinbase Pro - USD,,,,100.00,USD,...,Coinbase - USD Wallet,,,Transferred funds To Coinbase Pro,,,...,
06/03/2022 13:51:03,Buy,,0.02837105,ETH,...,Coinbase Pro - ETH,,,,50.00,USD,...,Coinbase Pro - USD,,,,0.20,USD,...,
06/03/2022 13:51:07,Buy,,0.00168351,BTC,...,Coinbase Pro - BTC,,,,50.00,USD,...,Coinbase Pro - USD,,,,0.20,USD,...,
06/06/2022 22:12:36,Receive,,0.08997700,ADA,...,Coinbase - ADA Wallet,,,Cardano reward From Coinbase,,,...,,,,,,,...,
06/10/2022 15:13:31,Transfer,,0.00168351,BTC,...,Coinbase - BTC Wallet,,,Transferred Bitcoin From Coinbase Pro,0.00168351,BTC,...,Coinbase Pro - BTC,,,,,,...,
06/10/2022 15:13:48,Transfer,,0.02837105,ETH,...,Coinbase - ETH Wallet,,,Transferred Ethereum From Coinbase Pro,0.02837105,ETH,...,Coinbase Pro - ETH,,,,,,...,
06/10/2022 15:14:10,Receive,,100.00,USD,...,Coinbase - USD Wallet,,,Deposited funds From Chase - TOTAL CHECKING *****5458,,,...,,,,,,,...,
06/10/2022 15:14:20,Transfer,,100.00,USD,...,Coinbase Pro - USD,,,,100.00,USD,...,Coinbase - USD Wallet,,,Transferred funds To Coinbase Pro,,,...,
06/10/2022 15:14:34,Buy,,0.00100000,ETH,...,Coinbase Pro - ETH,,,,1.74,USD,...,Coinbase Pro - USD,,,,0.01,USD,...,
06/10/2022 15:14:34,Buy,,0.02773802,ETH,...,Coinbase Pro - ETH,,,,48.35,USD,...,Coinbase Pro - USD,,,,0.29,USD,...,
06/10/2022 15:14:42,Buy,,0.00168745,BTC,...,Coinbase Pro - BTC,,,,50.00,USD,...,Coinbase Pro - USD,,,,0.20,USD,...,
06/12/2022 05:43:55,Receive,,0.09362000,ADA,...,Coinbase - ADA Wallet,,,Cardano reward From Coinbase,,,...,,,,,,,...,
06/17/2022 13:30:04,Transfer,,0.00168745,BTC,...,Coinbase - BTC Wallet,,,Transferred Bitcoin From Coinbase Pro,0.00168745,BTC,...,Coinbase Pro - BTC,,,,,,...,
06/17/2022 13:30:20,Transfer,,0.02873802,ETH,...,Coinbase - ETH Wallet,,,Transferred Ethereum From Coinbase Pro,0.02873802,ETH,...,Coinbase Pro - ETH,,,,,,...,
06/17/2022 13:30:47,Receive,,100.00,USD,...,Coinbase - USD Wallet,,,Deposited funds From Chase - TOTAL CHECKING *****5458,,,...,,,,,,,...,
06/17/2022 13:30:50,Transfer,,100.00,USD,...,Coinbase Pro - USD,,,,100.00,USD,...,Coinbase - USD Wallet,,,Transferred funds To Coinbase Pro,,,...,
06/17/2022 13:32:11,Buy,,0.00240937,BTC,...,Coinbase Pro - BTC,,,,49.95,USD,...,Coinbase Pro - USD,,,,0.20,USD,...,
06/17/2022 14:15:28,Buy,,0.04605412,ETH,...,Coinbase Pro - ETH,,,,49.95,USD,...,Coinbase Pro - USD,,,,0.20,USD,...,
06/20/2022 16:40:21,Receive,,0.08872300,ADA,...,Coinbase - ADA Wallet,,,Cardano reward From Coinbase,,,...,,,,,,,...,
06/24/2022 12:29:28,Receive,,0.09292400,ADA,...,Coinbase - ADA Wallet,,,Cardano reward From Coinbase,,,...,,,,,,,...,
06/24/2022 17:48:54,Transfer,,0.04605412,ETH,...,Coinbase - ETH Wallet,,,Transferred Ethereum From Coinbase Pro,0.04605412,ETH,...,Coinbase Pro - ETH,,,,,,...,
06/24/2022 17:49:15,Transfer,,0.00240937,BTC,...,Coinbase - BTC Wallet,,,Transferred Bitcoin From Coinbase Pro,0.00240937,BTC,...,Coinbase Pro - BTC,,,,,,...,
06/24/2022 17:49:56,Receive,,100.00,USD,...,Coinbase - USD Wallet,,,Deposited funds From JPMORGAN CHASE BANK  NA ****2591,,,...,,,,,,,...,
06/24/2022 17:50:00,Transfer,,100.00,USD,...,Coinbase Pro - USD,,,,100.00,USD,...,Coinbase - USD Wallet,,,Transferred funds To Coinbase Pro,,,...,
06/24/2022 17:50:10,Buy,,0.00011817,BTC,...,Coinbase Pro - BTC,,,,2.50,USD,...,Coinbase Pro - USD,,,,0.01,USD,...,
06/24/2022 17:50:10,Buy,,0.00225319,BTC,...,Coinbase Pro - BTC,,,,47.59,USD,...,Coinbase Pro - USD,,,,0.28,USD,...,
06/24/2022 17:50:21,Buy,,0.04124523,ETH,...,Coinbase Pro - ETH,,,,50.01,USD,...,Coinbase Pro - USD,,,,0.20,USD,...,
06/27/2022 11:04:14,Receive,,0.09507000,ADA,...,Coinbase - ADA Wallet,,,Cardano reward From Coinbase,,,...,,,,,,,...,
07/04/2022 11:03:33,Receive,,0.00079524,SOL,...,Coinbase - SOL Wallet,,,Solana reward From Coinbase,,,...,,,,,,,...,
07/06/2022 05:51:56,Receive,,0.07761000,ADA,...,Coinbase - ADA Wallet,,,Cardano reward From Coinbase,,,...,,,,,,,...,
07/08/2022 06:01:11,Receive,,0.00037394,SOL,...,Coinbase - SOL Wallet,,,Solana reward From Coinbase,,,...,,,,,,,...,
07/08/2022 14:41:36,Transfer,,0.00237136,BTC,...,Coinbase - BTC Wallet,,,Transferred Bitcoin From Coinbase Pro,0.00237136,BTC,...,Coinbase Pro - BTC,,,,,,...,
07/08/2022 14:41:54,Transfer,,0.04124523,ETH,...,Coinbase - ETH Wallet,,,Transferred Ethereum From Coinbase Pro,0.04124523,ETH,...,Coinbase Pro - ETH,,,,,,...,
07/08/2022 14:42:37,Receive,,100.00,USD,...,Coinbase - USD Wallet,,,Deposited funds From JPMORGAN CHASE BANK  NA ****2591,,,...,,,,,,,...,
07/08/2022 14:42:40,Transfer,,100.00,USD,...,Coinbase Pro - USD,,,,100.00,USD,...,Coinbase - USD Wallet,,,Transferred funds To Coinbase Pro,,,...,
07/08/2022 14:42:51,Buy,,0.00229704,BTC,...,Coinbase Pro - BTC,,,,49.95,USD,...,Coinbase Pro - USD,,,,0.20,USD,...,
07/08/2022 14:43:19,Buy,,0.04078108,ETH,...,Coinbase Pro - ETH,,,,50.05,USD,...,Coinbase Pro - USD,,,,0.20,USD,...,
07/09/2022 19:33:04,Receive,,0.07674300,ADA,...,Coinbase - ADA Wallet,,,Cardano reward From Coinbase,,,...,,,,,,,...,
07/11/2022 23:52:06,Receive,,0.00037012,SOL,...,Coinbase - SOL Wallet,,,Solana reward From Coinbase,,,...,,,,,,,...,
07/13/2022 22:41:56,Receive,,0.05144000,ADA,...,Coinbase - ADA Wallet,,,Cardano reward From Coinbase,,,...,,,,,,,...,
07/15/2022 01:30:32,Receive,,0.00036937,SOL,...,Coinbase - SOL Wallet,,,Solana reward From Coinbase,,,...,,,,,,,...,
07/16/2022 15:39:12,Transfer,,0.04078108,ETH,...,Coinbase - ETH Wallet,,,Transferred Ethereum From Coinbase Pro,0.04078108,ETH,...,Coinbase Pro - ETH,,,,,,...,
07/16/2022 15:39:29,Transfer,,0.00229704,BTC,...,Coinbase - BTC Wallet,,,Transferred Bitcoin From Coinbase Pro,0.00229704,BTC,...,Coinbase Pro - BTC,,,,,,...,
07/16/2022 15:39:53,Receive,,100.00,USD,...,Coinbase - USD Wallet,,,Deposited funds From JPMORGAN CHASE BANK  NA ****2591,,,...,,,,,,,...,
07/16/2022 15:39:56,Transfer,,100.00,USD,...,Coinbase Pro - USD,,,,100.00,USD,...,Coinbase - USD Wallet,,,Transferred funds To Coinbase Pro,,,...,
07/16/2022 15:40:05,Buy,,0.00238233,BTC,...,Coinbase Pro - BTC,,,,49.95,USD,...,Coinbase Pro - USD,,,,0.20,USD,...,
07/17/2022 20:48:35,Receive,,0.10232600,ADA,...,Coinbase - ADA Wallet,,,Cardano reward From Coinbase,,,...,,,,,,,...,
07/17/2022 23:44:33,Receive,,0.00036703,SOL,...,Coinbase - SOL Wallet,,,Solana reward From Coinbase,,,...,,,,,,,...,
07/22/2022 08:37:52,Receive,,0.00036367,SOL,...,Coinbase - SOL Wallet,,,Received Solana From Coinbase Rewards,,,...,,,,,,,...,
07/23/2022 19:15:41,Receive,,0.10366300,ADA,...,Coinbase - ADA Wallet,,,Received Cardano From Coinbase Rewards,,,...,,,,,,,...,
07/25/2022 01:07:07,Receive,,0.00035878,SOL,...,Coinbase - SOL Wallet,,,Received Solana From Coinbase Rewards,,,...,,,,,,,...,
07/27/2022 02:38:11,Receive,,0.00036494,SOL,...,Coinbase - SOL Wallet,,,Received Solana From Coinbase Rewards,,,...,,,,,,,...,
07/29/2022 00:46:52,Receive,,0.09947300,ADA,...,Coinbase - ADA Wallet,,,Received Cardano From Coinbase Rewards,,,...,,,,,,,...,
07/30/2022 01:44:52,Receive,,0.00036117,SOL,...,Coinbase - SOL Wallet,,,Received Solana From Coinbase Rewards,,,...,,,,,,,...,
07/30/2022 20:13:40,Transfer,,0.00238233,BTC,...,Coinbase - BTC Wallet,,,Transferred Bitcoin From Coinbase Pro,0.00238233,BTC,...,Coinbase Pro - BTC,,,,,,...,
07/30/2022 20:14:20,Receive,,100.00,USD,...,Coinbase - USD Wallet,,,Deposited funds From JPMORGAN CHASE BANK  NA ****2591,,,...,,,,,,,...,
07/30/2022 20:14:23,Transfer,,100.00,USD,...,Coinbase Pro - USD,,,,100.00,USD,...,Coinbase - USD Wallet,,,Transferred funds To Coinbase Pro,,,...,
07/30/2022 20:15:16,Buy,,0.00012581,BTC,...,Coinbase Pro - BTC,,,,3.01,USD,...,Coinbase Pro - USD,,,,0.01,USD,...,
07/30/2022 20:15:18,Buy,,0.00195867,BTC,...,Coinbase Pro - BTC,,,,46.89,USD,...,Coinbase Pro - USD,,,,0.19,USD,...,
07/30/2022 20:15:18,Buy,,0.02939266,ETH,...,Coinbase Pro - ETH,,,,49.90,USD,...,Coinbase Pro - USD,,,,0.20,USD,...,
08/02/2022 04:29:15,Receive,,0.00035420,SOL,...,Coinbase - SOL Wallet,,,Received Solana From Coinbase Rewards,,,...,,,,,,,...,
08/02/2022 16:10:27,Receive,,0.09420000,ADA,...,Coinbase - ADA Wallet,,,Received Cardano From Coinbase Rewards,,,...,,,,,,,...,
08/05/2022 07:16:04,Receive,,0.00035448,SOL,...,Coinbase - SOL Wallet,,,Received Solana From Coinbase Rewards,,,...,,,,,,,...,
08/06/2022 11:25:23,Receive,,0.09768400,ADA,...,Coinbase - ADA Wallet,,,Received Cardano From Coinbase Rewards,,,...,,,,,,,...,
08/07/2022 15:38:54,Receive,,0.00035415,SOL,...,Coinbase - SOL Wallet,,,Received Solana From Coinbase Rewards,,,...,,,,,,,...,
08/10/2022 17:35:17,Receive,,0.00034372,SOL,...,Coinbase - SOL Wallet,,,Received Solana From Coinbase Rewards,,,...,,,,,,,...,
08/11/2022 04:41:21,Receive,,0.09633600,ADA,...,Coinbase - ADA Wallet,,,Received Cardano From Coinbase Rewards,,,...,,,,,,,...,
08/13/2022 16:45:39,Receive,,0.00034255,SOL,...,Coinbase - SOL Wallet,,,Received Solana From Coinbase Rewards,,,...,,,,,,,...,
08/16/2022 17:13:45,Receive,,0.00034048,SOL,...,Coinbase - SOL Wallet,,,Received Solana From Coinbase Rewards,,,...,,,,,,,...,
08/19/2022 07:12:47,Receive,,0.09360700,ADA,...,Coinbase - ADA Wallet,,,Received Cardano From Coinbase Rewards,,,...,,,,,,,...,
08/19/2022 17:48:30,Receive,,0.00034189,SOL,...,Coinbase - SOL Wallet,,,Received Solana From Coinbase Rewards,,,...,,,,,,,...,
08/21/2022 11:53:34,Transfer,,0.00208448,BTC,...,Coinbase - BTC Wallet,,,Transferred Bitcoin From Coinbase Pro,0.00208448,BTC,...,Coinbase Pro - BTC,,,,,,...,
08/21/2022 11:53:35,Transfer,,0.02939266,ETH,...,Coinbase - ETH Wallet,,,Transferred Ethereum From Coinbase Pro,0.02939266,ETH,...,Coinbase Pro - ETH,,,,,,...,
08/21/2022 11:53:35,Transfer,,0.00041700,USDC,...,Coinbase - USDC Wallet,,,Transferred USD Coin From Coinbase Pro,0.00041700,USDC,...,Coinbase Pro - USDC,,,,,,...,
08/21/2022 11:53:35,Transfer,,0.05000000,ADA,...,Coinbase - ADA Wallet,,,Transferred Cardano From Coinbase Pro,0.05000000,ADA,...,Coinbase Pro - ADA,,,,,,...,
08/21/2022 11:53:35,Transfer,,0.52439000,LRC,...,Coinbase - LRC Wallet,,,Transferred Loopring From Coinbase Pro,0.52439000,LRC,...,Coinbase Pro - LRC,,,,,,...,
08/21/2022 11:53:40,Transfer,,0.19,USD,...,Coinbase - USD Wallet,,,Transferred funds From Coinbase Pro,0.19,USD,...,Coinbase Pro - USD,,,,,,...,
08/21/2022 11:54:39,Receive,,100.00,USD,...,Coinbase - USD Wallet,,,Deposited funds From JPMORGAN CHASE BANK  NA ****2591,,,...,,,,,,,...,
08/21/2022 11:54:42,Transfer,,100.00,USD,...,Coinbase Pro - USD,,,,100.00,USD,...,Coinbase - USD Wallet,,,Transferred funds To Coinbase Pro,,,...,
08/21/2022 11:55:24,Buy,,0.03057392,ETH,...,Coinbase Pro - ETH,,,,49.98,USD,...,Coinbase Pro - USD,,,,0.30,USD,...,
08/21/2022 11:55:38,Buy,,0.00177645,BTC,...,Coinbase Pro - BTC,,,,38.42,USD,...,Coinbase Pro - USD,,,,0.23,USD,...,
08/21/2022 11:55:38,Buy,,0.00053616,BTC,...,Coinbase Pro - BTC,,,,11.60,USD,...,Coinbase Pro - USD,,,,0.07,USD,...,
08/22/2022 05:47:01,Receive,,0.09806700,ADA,...,Coinbase - ADA Wallet,,,Received Cardano From Coinbase Rewards,,,...,,,,,,,...,
08/22/2022 18:10:18,Receive,,0.00017149,SOL,...,Coinbase - SOL Wallet,,,Received Solana From Coinbase Rewards,,,...,,,,,,,...,
08/25/2022 19:14:12,Receive,,0.00036866,SOL,...,Coinbase - SOL Wallet,,,Received Solana From Coinbase Rewards,,,...,,,,,,,...,
08/27/2022 07:24:41,Receive,,0.09769500,ADA,...,Coinbase - ADA Wallet,,,Received Cardano From Coinbase Rewards,,,...,,,,,,,...,
08/28/2022 18:25:20,Receive,,0.00037524,SOL,...,Coinbase - SOL Wallet,,,Received Solana From Coinbase Rewards,,,...,,,,,,,...,
08/31/2022 19:36:07,Receive,,0.00032797,SOL,...,Coinbase - SOL Wallet,,,Received Solana From Coinbase Rewards,,,...,,,,,,,...,
09/01/2022 06:38:31,Receive,,0.09742900,ADA,...,Coinbase - ADA Wallet,,,Received Cardano From Coinbase Rewards,,,...,,,,,,,...,
09/03/2022 19:05:58,Receive,,0.00036877,SOL,...,Coinbase - SOL Wallet,,,Received Solana From Coinbase Rewards,,,...,,,,,,,...,
09/05/2022 17:43:38,Receive,,0.00036971,SOL,...,Coinbase - SOL Wallet,,,Received Solana From Coinbase Rewards,,,...,,,,,,,...,
09/08/2022 21:48:01,Receive,,0.00036692,SOL,...,Coinbase - SOL Wallet,,,Received Solana From Coinbase Rewards,,,...,,,,,,,...,
09/09/2022 08:19:59,Receive,,0.10178700,ADA,...,Coinbase - ADA Wallet,,,Received Cardano From Coinbase Rewards,,,...,,,,,,,...,
09/11/2022 17:08:15,Receive,,0.09862000,ADA,...,Coinbase - ADA Wallet,,,Received Cardano From Coinbase Rewards,,,...,,,,,,,...,
09/11/2022 18:57:00,Receive,,0.00036206,SOL,...,Coinbase - SOL Wallet,,,Received Solana From Coinbase Rewards,,,...,,,,,,,...,
09/13/2022 19:10:31,Receive,,0.00036350,SOL,...,Coinbase - SOL Wallet,,,Received Solana From Coinbase Rewards,,,...,,,,,,,...,
09/16/2022 21:06:16,Receive,,0.00036056,SOL,...,Coinbase - SOL Wallet,,,Solana reward From Coinbase,,,...,,,,,,,...,
09/17/2022 06:01:41,Receive,,0.10000700,ADA,...,Coinbase - ADA Wallet,,,Cardano reward From Coinbase,,,...,,,,,,,...,
09/20/2022 01:16:23,Receive,,0.00032725,SOL,...,Coinbase - SOL Wallet,,,Solana reward From Coinbase,,,...,,,,,,,...,
09/21/2022 21:27:42,Buy,,0.03960528,ETH,...,Coinbase Pro - ETH,,,,50.05,USD,...,Coinbase Pro - USD,,,,0.20,USD,...,
09/24/2022 09:28:24,Receive,,0.10256200,ADA,...,Coinbase - ADA Wallet,,,Cardano reward From Coinbase,,,...,,,,,,,...,
09/28/2022 05:44:39,Receive,,0.09970700,ADA,...,Coinbase - ADA Wallet,,,Cardano reward From Coinbase,,,...,,,,,,,...,
10/04/2022 19:01:42,Receive,,0.09923500,ADA,...,Coinbase - ADA Wallet,,,Cardano reward From Coinbase,,,...,,,,,,,...,
10/04/2022 21:22:09,Receive,,0.00032439,SOL,...,Coinbase - SOL Wallet,,,Solana reward From Coinbase,,,...,,,,,,,...,
10/05/2022 15:47:27,Receive,,0.00031975,SOL,...,Coinbase - SOL Wallet,,,Solana reward From Coinbase,,,...,,,,,,,...,
10/06/2022 14:03:53,Receive,,0.00034705,SOL,...,Coinbase - SOL Wallet,,,Solana reward From Coinbase,,,...,,,,,,,...,
10/07/2022 22:45:45,Receive,,0.00034942,SOL,...,Coinbase - SOL Wallet,,,Solana reward From Coinbase,,,...,,,,,,,...,
10/08/2022 02:20:39,Receive,,0.00034520,SOL,...,Coinbase - SOL Wallet,,,Solana reward From Coinbase,,,...,,,,,,,...,
10/08/2022 19:27:13,Receive,,0.00033082,SOL,...,Coinbase - SOL Wallet,,,Solana reward From Coinbase,,,...,,,,,,,...,
10/09/2022 03:53:58,Receive,,0.00034259,SOL,...,Coinbase - SOL Wallet,,,Solana reward From Coinbase,,,...,,,,,,,...,
10/14/2022 01:24:59,Receive,,0.00034199,SOL,...,Coinbase - SOL Wallet,,,Solana reward From Coinbase,,,...,,,,,,,...,
10/14/2022 18:24:37,Receive,,0.00034189,SOL,...,Coinbase - SOL Wallet,,,Solana reward From Coinbase,,,...,,,,,,,...,
10/15/2022 01:38:02,Receive,,0.09668100,ADA,...,Coinbase - ADA Wallet,,,Cardano reward From Coinbase,,,...,,,,,,,...,
10/16/2022 05:04:58,Receive,,0.09993400,ADA,...,Coinbase - ADA Wallet,,,Cardano reward From Coinbase,,,...,,,,,,,...,
10/16/2022 14:49:33,Transfer,,0.07017920,ETH,...,Coinbase - ETH Wallet,,,Transferred Ethereum From Coinbase Pro,0.07017920,ETH,...,Coinbase Pro - ETH,,,,,,...,
10/16/2022 14:49:52,Transfer,,0.00231261,BTC,...,Coinbase - BTC Wallet,,,Transferred Bitcoin From Coinbase Pro,0.00231261,BTC,...,Coinbase Pro - BTC,,,,,,...,
10/16/2022 22:57:13,Receive,,0.09694700,ADA,...,Coinbase - ADA Wallet,,,Cardano reward From Coinbase,,,...,,,,,,,...,
10/17/2022 02:20:35,Receive,,0.00033989,SOL,...,Coinbase - SOL Wallet,,,Solana reward From Coinbase,,,...,,,,,,,...,
10/19/2022 06:49:13,Receive,,0.10374900,ADA,...,Coinbase - ADA Wallet,,,Cardano reward From Coinbase,,,...,,,,,,,...,
10/20/2022 02:24:09,Receive,,0.00034175,SOL,...,Coinbase - SOL Wallet,,,Solana reward From Coinbase,,,...,,,,,,,...,
10/22/2022 02:09:12,Receive,,0.00032636,SOL,...,Coinbase - SOL Wallet,,,Solana reward From Coinbase,,,...,,,,,,,...,
10/24/2022 01:40:14,Receive,,0.00033035,SOL,...,Coinbase - SOL Wallet,,,Solana reward From Coinbase,,,...,,,,,,,...,
10/26/2022 05:16:21,Receive,,0.00033624,SOL,...,Coinbase - SOL Wallet,,,Solana reward From Coinbase,,,...,,,,,,,...,
10/26/2022 11:59:43,Receive,,0.10118200,ADA,...,Coinbase - ADA Wallet,,,Cardano reward From Coinbase,,,...,,,,,,,...,
10/29/2022 01:01:46,Receive,,0.00032939,SOL,...,Coinbase - SOL Wallet,,,Solana reward From Coinbase,,,...,,,,,,,...,
10/30/2022 07:25:02,Receive,,0.09500000,ADA,...,Coinbase - ADA Wallet,,,Cardano reward From Coinbase,,,...,,,,,,,...,
10/31/2022 01:16:22,Receive,,0.00033741,SOL,...,Coinbase - SOL Wallet,,,Solana reward From Coinbase,,,...,,,,,,,...,
11/02/2022 02:26:50,Receive,,0.00032919,SOL,...,Coinbase - SOL Wallet,,,Solana reward From Coinbase,,,...,,,,,,,...,
11/03/2022 12:04:16,Receive,,0.10317200,ADA,...,Coinbase - ADA Wallet,,,Cardano reward From Coinbase,,,...,,,,,,,...,
11/05/2022 05:45:10,Receive,,0.00033317,SOL,...,Coinbase - SOL Wallet,,,Solana reward From Coinbase,,,...,,,,,,,...,
11/08/2022 14:58:18,Receive,,0.00035455,SOL,...,Coinbase - SOL Wallet,,,Solana reward From Coinbase,,,...,,,,,,,...,
11/11/2022 18:16:07,Receive,,0.00034173,SOL,...,Coinbase - SOL Wallet,,,Solana reward From Coinbase,,,...,,,,,,,...,
11/11/2022 22:36:31,Receive,,0.09993900,ADA,...,Coinbase - ADA Wallet,,,Cardano reward From Coinbase,,,...,,,,,,,...,
11/12/2022 20:31:31,Receive,,0.00033377,SOL,...,Coinbase - SOL Wallet,,,Solana reward From Coinbase,,,...,,,,,,,...,
11/14/2022 07:21:09,Receive,,0.00007950,SOL,...,Coinbase - SOL Wallet,,,Solana reward From Coinbase,,,...,,,,,,,...,
11/16/2022 22:45:41,Receive,,0.09328600,ADA,...,Coinbase - ADA Wallet,,,Cardano reward From Coinbase,,,...,,,,,,,...,
11/17/2022 08:33:37,Receive,,0.00007648,SOL,...,Coinbase - SOL Wallet,,,Solana reward From Coinbase,,,...,,,,,,,...,
11/19/2022 07:28:27,Receive,,0.00007652,SOL,...,Coinbase - SOL Wallet,,,Solana reward From Coinbase,,,...,,,,,,,...,
11/21/2022 07:30:51,Receive,,0.00007501,SOL,...,Coinbase - SOL Wallet,,,Solana reward From Coinbase,,,...,,,,,,,...,
11/22/2022 03:46:01,Receive,,0.09243100,ADA,...,Coinbase - ADA Wallet,,,Cardano reward From Coinbase,,,...,,,,,,,...,
11/23/2022 08:56:46,Receive,,0.00007568,SOL,...,Coinbase - SOL Wallet,,,Solana reward From Coinbase,,,...,,,,,,,...,
11/23/2022 14:18:40,Receive,,0.09168500,ADA,...,Coinbase - ADA Wallet,,,Cardano reward From Coinbase,,,...,,,,,,,...,
11/26/2022 08:27:30,Receive,,0.00006397,SOL,...,Coinbase - SOL Wallet,,,Solana reward From Coinbase,,,...,,,,,,,...,
11/28/2022 08:29:00,Receive,,0.00006736,SOL,...,Coinbase - SOL Wallet,,,Solana reward From Coinbase,,,...,,,,,,,...,
11/28/2022 15:04:13,Receive,,0.09216700,ADA,...,Coinbase - ADA Wallet,,,Cardano reward From Coinbase,,,...,,,,,,,...,
11/30/2022 12:52:18,Receive,,0.00006624,SOL,...,Coinbase - SOL Wallet,,,Solana reward From Coinbase,,,...,,,,,,,...,
12/01/2022 23:23:15,Transfer,,0.10,USD,...,Coinbase - USD Wallet,,,Transferred funds From Coinbase Pro,0.10,USD,...,Coinbase Pro - USD,,,,,,...,
12/02/2022 09:40:05,Receive,,0.00006557,SOL,...,Coinbase - SOL Wallet,,,Solana reward From Coinbase,,,...,,,,,,,...,
12/03/2022 15:14:27,Receive,,0.09188200,ADA,...,Coinbase - ADA Wallet,,,Cardano reward From Coinbase,,,...,,,,,,,...,
12/04/2022 09:32:55,Receive,,0.00006418,SOL,...,Coinbase - SOL Wallet,,,Solana reward From Coinbase,,,...,,,,,,,...,
12/09/2022 06:50:07,Receive,,0.00006183,SOL,...,Coinbase - SOL Wallet,,,Solana reward From Coinbase,,,...,,,,,,,...,
12/09/2022 14:47:44,Receive,,0.08972800,ADA,...,Coinbase - ADA Wallet,,,Cardano reward From Coinbase,,,...,,,,,,,...,
12/11/2022 08:21:25,Receive,,0.00006071,SOL,...,Coinbase - SOL Wallet,,,Solana reward From Coinbase,,,...,,,,,,,...,
12/13/2022 08:34:55,Receive,,0.00005600,SOL,...,Coinbase - SOL Wallet,,,Solana reward From Coinbase,,,...,,,,,,,...,
12/13/2022 14:38:14,Receive,,0.08897700,ADA,...,Coinbase - ADA Wallet,,,Cardano reward From Coinbase,,,...,,,,,,,...,
12/15/2022 09:24:41,Receive,,0.00005584,SOL,...,Coinbase - SOL Wallet,,,Solana reward From Coinbase,,,...,,,,,,,...,
12/16/2022 10:35:01,Receive,,0.00005905,SOL,...,Coinbase - SOL Wallet,,,Solana reward From Coinbase,,,...,,,,,,,...,
12/18/2022 09:51:42,Receive,,0.00005575,SOL,...,Coinbase - SOL Wallet,,,Solana reward From Coinbase,,,...,,,,,,,...,
12/20/2022 09:28:04,Receive,,0.00005695,SOL,...,Coinbase - SOL Wallet,,,Solana reward From Coinbase,,,...,,,,,,,...,
12/21/2022 16:03:50,Receive,,0.08612600,ADA,...,Coinbase - ADA Wallet,,,Cardano reward From Coinbase,,,...,,,,,,,...,
12/22/2022 10:19:59,Receive,,0.00005649,SOL,...,Coinbase - SOL Wallet,,,Solana reward From Coinbase,,,...,,,,,,,...,
12/24/2022 09:12:44,Receive,,0.00005703,SOL,...,Coinbase - SOL Wallet,,,Solana reward From Coinbase,,,...,,,,,,,...,
12/24/2022 15:28:03,Receive,,0.08468800,ADA,...,Coinbase - ADA Wallet,,,Cardano reward From Coinbase,,,...,,,,,,,...,
12/27/2022 09:24:46,Receive,,0.00020877,SOL,...,Coinbase - SOL Wallet,,,Solana reward From Coinbase,,,...,,,,,,,...,
12/29/2022 09:09:36,Receive,,0.00020910,SOL,...,Coinbase - SOL Wallet,,,Solana reward From Coinbase,,,...,,,,,,,...,
12/29/2022 15:27:01,Receive,,0.07815600,ADA,...,Coinbase - ADA Wallet,,,Cardano reward From Coinbase,,,...,,,,,,,...,
12/31/2022 09:32:49,Receive,,0.00020642,SOL,...,Coinbase - SOL Wallet,,,Solana reward From Coinbase,,,...,,,,,,,...,

..., Indicates that a tax plan needs to be purchased for the corresponding tax year
